[{"model": "admin.logentry", "pk": 1, "fields": {"action_time": "2023-05-06T19:24:46.262Z", "user": 1, "content_type": 7, "object_id": "1", "object_repr": "aristotelsokrat8@gmail.com", "action_flag": 1, "change_message": "[{\"added\": {}}]"}}, {"model": "admin.logentry", "pk": 2, "fields": {"action_time": "2023-05-06T20:16:20.744Z", "user": 1, "content_type": 6, "object_id": "2", "object_repr": "", "action_flag": 1, "change_message": "[{\"added\": {}}]"}}, {"model": "admin.logentry", "pk": 3, "fields": {"action_time": "2023-05-06T20:17:02.415Z", "user": 1, "content_type": 6, "object_id": "2", "object_repr": "johndoe@example.com", "action_flag": 2, "change_message": "[{\"changed\": {\"fields\": [\"First name\", \"Last name\", \"Username\", \"Email\", \"Phone number\"]}}]"}}, {"model": "admin.logentry", "pk": 4, "fields": {"action_time": "2023-05-07T11:31:34.409Z", "user": 1, "content_type": 6, "object_id": "4", "object_repr": "user2@example.com", "action_flag": 3, "change_message": ""}}, {"model": "admin.logentry", "pk": 5, "fields": {"action_time": "2023-05-07T12:27:11.743Z", "user": 1, "content_type": 6, "object_id": "5", "object_repr": "user2@gmail.com", "action_flag": 3, "change_message": ""}}, {"model": "admin.logentry", "pk": 6, "fields": {"action_time": "2023-05-07T14:51:45.328Z", "user": 1, "content_type": 6, "object_id": "6", "object_repr": "user2@gmail.com", "action_flag": 3, "change_message": ""}}, {"model": "admin.logentry", "pk": 7, "fields": {"action_time": "2023-05-07T14:52:22.209Z", "user": 1, "content_type": 6, "object_id": "7", "object_repr": "user2@gmail.com", "action_flag": 3, "change_message": ""}}, {"model": "admin.logentry", "pk": 8, "fields": {"action_time": "2023-05-07T16:37:34.905Z", "user": 1, "content_type": 6, "object_id": "8", "object_repr": "user2@gmail.com", "action_flag": 3, "change_message": ""}}, {"model": "admin.logentry", "pk": 9, "fields": {"action_time": "2023-05-07T16:39:01.940Z", "user": 1, "content_type": 6, "object_id": "9", "object_repr": "user2@example.com", "action_flag": 3, "change_message": ""}}, {"model": "admin.logentry", "pk": 10, "fields": {"action_time": "2023-05-07T16:39:09.840Z", "user": 1, "content_type": 6, "object_id": "3", "object_repr": "user1@example.com", "action_flag": 3, "change_message": ""}}, {"model": "admin.logentry", "pk": 11, "fields": {"action_time": "2023-05-07T18:12:18.665Z", "user": 1, "content_type": 6, "object_id": "10", "object_repr": "testemail@example.com", "action_flag": 3, "change_message": ""}}, {"model": "admin.logentry", "pk": 12, "fields": {"action_time": "2023-05-07T18:17:02.277Z", "user": 1, "content_type": 6, "object_id": "11", "object_repr": "testemail@example.com", "action_flag": 3, "change_message": ""}}, {"model": "admin.logentry", "pk": 13, "fields": {"action_time": "2023-05-07T18:28:46.962Z", "user": 1, "content_type": 6, "object_id": "12", "object_repr": "testemail@example.com", "action_flag": 3, "change_message": ""}}, {"model": "admin.logentry", "pk": 14, "fields": {"action_time": "2023-05-07T18:31:04.162Z", "user": 1, "content_type": 6, "object_id": "13", "object_repr": "testemail@example.com", "action_flag": 3, "change_message": ""}}, {"model": "admin.logentry", "pk": 15, "fields": {"action_time": "2023-05-07T18:50:29.864Z", "user": 1, "content_type": 6, "object_id": "14", "object_repr": "testemail@example.com", "action_flag": 3, "change_message": ""}}, {"model": "admin.logentry", "pk": 16, "fields": {"action_time": "2023-05-08T08:57:39.700Z", "user": 1, "content_type": 6, "object_id": "15", "object_repr": "testemail@example.com", "action_flag": 2, "change_message": "[{\"changed\": {\"fields\": [\"Is active\"]}}]"}}, {"model": "admin.logentry", "pk": 17, "fields": {"action_time": "2023-05-08T08:58:40.095Z", "user": 1, "content_type": 6, "object_id": "15", "object_repr": "testemail@example.com", "action_flag": 3, "change_message": ""}}, {"model": "admin.logentry", "pk": 18, "fields": {"action_time": "2023-05-08T08:58:40.098Z", "user": 1, "content_type": 6, "object_id": "2", "object_repr": "johndoe@example.com", "action_flag": 3, "change_message": ""}}, {"model": "admin.logentry", "pk": 19, "fields": {"action_time": "2023-05-08T09:56:25.728Z", "user": 1, "content_type": 6, "object_id": "16", "object_repr": "user1@example.com", "action_flag": 2, "change_message": "[{\"changed\": {\"fields\": [\"Is active\"]}}]"}}, {"model": "admin.logentry", "pk": 20, "fields": {"action_time": "2023-05-08T10:26:36.396Z", "user": 1, "content_type": 6, "object_id": "16", "object_repr": "user1@example.com", "action_flag": 3, "change_message": ""}}, {"model": "admin.logentry", "pk": 21, "fields": {"action_time": "2023-05-08T10:44:22.224Z", "user": 1, "content_type": 6, "object_id": "17", "object_repr": "user1@example.com", "action_flag": 2, "change_message": "[{\"changed\": {\"fields\": [\"Is active\"]}}]"}}, {"model": "admin.logentry", "pk": 22, "fields": {"action_time": "2023-05-08T10:45:19.392Z", "user": 1, "content_type": 6, "object_id": "18", "object_repr": "user2@gmail.com", "action_flag": 2, "change_message": "[{\"changed\": {\"fields\": [\"Is active\"]}}]"}}, {"model": "admin.logentry", "pk": 23, "fields": {"action_time": "2023-05-08T10:46:57.597Z", "user": 1, "content_type": 6, "object_id": "18", "object_repr": "user2@gmail.com", "action_flag": 3, "change_message": ""}}, {"model": "admin.logentry", "pk": 24, "fields": {"action_time": "2023-05-08T10:46:57.600Z", "user": 1, "content_type": 6, "object_id": "17", "object_repr": "user1@example.com", "action_flag": 3, "change_message": ""}}, {"model": "admin.logentry", "pk": 25, "fields": {"action_time": "2023-05-08T10:48:13.505Z", "user": 1, "content_type": 6, "object_id": "19", "object_repr": "user1@example.com", "action_flag": 2, "change_message": "[{\"changed\": {\"fields\": [\"Is active\"]}}]"}}, {"model": "admin.logentry", "pk": 26, "fields": {"action_time": "2023-05-08T12:10:52.252Z", "user": 1, "content_type": 6, "object_id": "19", "object_repr": "user1@example.com", "action_flag": 3, "change_message": ""}}, {"model": "admin.logentry", "pk": 27, "fields": {"action_time": "2023-05-08T12:12:02.396Z", "user": 1, "content_type": 6, "object_id": "20", "object_repr": "user1@example.com", "action_flag": 2, "change_message": "[{\"changed\": {\"fields\": [\"Is active\"]}}]"}}, {"model": "admin.logentry", "pk": 28, "fields": {"action_time": "2023-05-08T12:22:40.798Z", "user": 1, "content_type": 6, "object_id": "21", "object_repr": "user2@example.com", "action_flag": 2, "change_message": "[{\"changed\": {\"fields\": [\"Is active\"]}}]"}}, {"model": "admin.logentry", "pk": 29, "fields": {"action_time": "2023-05-08T16:32:13.188Z", "user": 1, "content_type": 6, "object_id": "22", "object_repr": "zaebalimenyavkray@mail.ru", "action_flag": 3, "change_message": ""}}, {"model": "admin.logentry", "pk": 30, "fields": {"action_time": "2023-05-08T16:35:42.660Z", "user": 1, "content_type": 6, "object_id": "21", "object_repr": "user2@example.com", "action_flag": 3, "change_message": ""}}, {"model": "admin.logentry", "pk": 31, "fields": {"action_time": "2023-05-08T16:35:42.662Z", "user": 1, "content_type": 6, "object_id": "20", "object_repr": "user1@example.com", "action_flag": 3, "change_message": ""}}, {"model": "admin.logentry", "pk": 32, "fields": {"action_time": "2023-05-08T19:42:58.451Z", "user": 1, "content_type": 7, "object_id": "23", "object_repr": "zaebalimenyavkray@mail.ru", "action_flag": 3, "change_message": ""}}, {"model": "admin.logentry", "pk": 33, "fields": {"action_time": "2023-05-08T19:43:31.570Z", "user": 1, "content_type": 6, "object_id": "23", "object_repr": "zaebalimenyavkray@mail.ru", "action_flag": 3, "change_message": ""}}, {"model": "admin.logentry", "pk": 34, "fields": {"action_time": "2023-05-09T09:06:28.315Z", "user": 1, "content_type": 8, "object_id": "6", "object_repr": "TestVendor", "action_flag": 2, "change_message": "[{\"changed\": {\"fields\": [\"Is approved\"]}}]"}}, {"model": "admin.logentry", "pk": 35, "fields": {"action_time": "2023-05-09T13:13:19.727Z", "user": 1, "content_type": 7, "object_id": "24", "object_repr": "maks.shihowtsow@yandex.ru", "action_flag": 2, "change_message": "[{\"changed\": {\"fields\": [\"Profile picture\", \"Cover photo\", \"Address 1\", \"Address 2\", \"Country\", \"State\", \"City\", \"Pin code\"]}}]"}}, {"model": "admin.logentry", "pk": 36, "fields": {"action_time": "2023-05-09T19:11:56.649Z", "user": 1, "content_type": 7, "object_id": "24", "object_repr": "maks.shihowtsow@yandex.ru", "action_flag": 2, "change_message": "[{\"changed\": {\"fields\": [\"Address\"]}}]"}}, {"model": "admin.logentry", "pk": 37, "fields": {"action_time": "2023-05-10T12:18:12.850Z", "user": 1, "content_type": 10, "object_id": "1", "object_repr": "Burgers", "action_flag": 1, "change_message": "[{\"added\": {}}]"}}, {"model": "admin.logentry", "pk": 38, "fields": {"action_time": "2023-05-10T12:20:53.008Z", "user": 1, "content_type": 10, "object_id": "2", "object_repr": "Pizza", "action_flag": 1, "change_message": "[{\"added\": {}}]"}}, {"model": "admin.logentry", "pk": 39, "fields": {"action_time": "2023-05-10T12:21:43.195Z", "user": 1, "content_type": 10, "object_id": "3", "object_repr": "Sea Food", "action_flag": 1, "change_message": "[{\"added\": {}}]"}}, {"model": "admin.logentry", "pk": 40, "fields": {"action_time": "2023-05-10T12:22:17.248Z", "user": 1, "content_type": 10, "object_id": "4", "object_repr": "Chicken", "action_flag": 1, "change_message": "[{\"added\": {}}]"}}, {"model": "admin.logentry", "pk": 41, "fields": {"action_time": "2023-05-10T12:29:18.918Z", "user": 1, "content_type": 9, "object_id": "1", "object_repr": "Burger One", "action_flag": 1, "change_message": "[{\"added\": {}}]"}}, {"model": "admin.logentry", "pk": 42, "fields": {"action_time": "2023-05-10T12:30:04.818Z", "user": 1, "content_type": 9, "object_id": "2", "object_repr": "Italian Pizza", "action_flag": 1, "change_message": "[{\"added\": {}}]"}}, {"model": "admin.logentry", "pk": 43, "fields": {"action_time": "2023-05-10T12:30:37.182Z", "user": 1, "content_type": 9, "object_id": "3", "object_repr": "Pizza Two", "action_flag": 1, "change_message": "[{\"added\": {}}]"}}, {"model": "admin.logentry", "pk": 44, "fields": {"action_time": "2023-05-10T12:31:33.102Z", "user": 1, "content_type": 9, "object_id": "4", "object_repr": "Sea Food", "action_flag": 1, "change_message": "[{\"added\": {}}]"}}, {"model": "admin.logentry", "pk": 45, "fields": {"action_time": "2023-05-10T12:32:15.068Z", "user": 1, "content_type": 9, "object_id": "5", "object_repr": "Barbecue Chicken", "action_flag": 1, "change_message": "[{\"added\": {}}]"}}, {"model": "admin.logentry", "pk": 46, "fields": {"action_time": "2023-05-10T12:32:51.872Z", "user": 1, "content_type": 9, "object_id": "6", "object_repr": "Fried Chicken", "action_flag": 1, "change_message": "[{\"added\": {}}]"}}, {"model": "admin.logentry", "pk": 47, "fields": {"action_time": "2023-05-10T14:14:55.193Z", "user": 1, "content_type": 9, "object_id": "6", "object_repr": "Fried Chicken", "action_flag": 2, "change_message": "[]"}}, {"model": "admin.logentry", "pk": 48, "fields": {"action_time": "2023-05-10T14:20:31.822Z", "user": 1, "content_type": 10, "object_id": "5", "object_repr": "Blank Test Category", "action_flag": 1, "change_message": "[{\"added\": {}}]"}}, {"model": "admin.logentry", "pk": 49, "fields": {"action_time": "2023-05-11T09:12:45.685Z", "user": 1, "content_type": 6, "object_id": "26", "object_repr": "shved.dev15@gmail.com", "action_flag": 3, "change_message": ""}}, {"model": "admin.logentry", "pk": 50, "fields": {"action_time": "2023-05-11T09:19:19.157Z", "user": 1, "content_type": 6, "object_id": "27", "object_repr": "shved.dev15@gmail.com", "action_flag": 3, "change_message": ""}}, {"model": "admin.logentry", "pk": 51, "fields": {"action_time": "2023-05-11T09:43:24.585Z", "user": 1, "content_type": 6, "object_id": "28", "object_repr": "shved.dev15@gmail.com", "action_flag": 3, "change_message": ""}}, {"model": "admin.logentry", "pk": 52, "fields": {"action_time": "2023-05-11T12:40:20.075Z", "user": 1, "content_type": 6, "object_id": "29", "object_repr": "shved.dev15@gmail.com", "action_flag": 3, "change_message": ""}}, {"model": "admin.logentry", "pk": 53, "fields": {"action_time": "2023-05-11T12:45:46.924Z", "user": 1, "content_type": 8, "object_id": "9", "object_repr": "SuperRussia", "action_flag": 2, "change_message": "[{\"changed\": {\"fields\": [\"Is approved\"]}}]"}}, {"model": "admin.logentry", "pk": 54, "fields": {"action_time": "2023-05-11T15:23:22.077Z", "user": 1, "content_type": 8, "object_id": "9", "object_repr": "SuperRussia", "action_flag": 2, "change_message": "[{\"changed\": {\"fields\": [\"Vendor slug\"]}}]"}}, {"model": "admin.logentry", "pk": 55, "fields": {"action_time": "2023-05-11T15:23:40.776Z", "user": 1, "content_type": 8, "object_id": "6", "object_repr": "Sisters Cafe", "action_flag": 2, "change_message": "[{\"changed\": {\"fields\": [\"Vendor slug\"]}}]"}}, {"model": "admin.logentry", "pk": 56, "fields": {"action_time": "2023-05-11T15:33:04.525Z", "user": 1, "content_type": 8, "object_id": "10", "object_repr": "TestVendortest", "action_flag": 3, "change_message": ""}}, {"model": "admin.logentry", "pk": 57, "fields": {"action_time": "2023-05-11T15:33:12.190Z", "user": 1, "content_type": 6, "object_id": "31", "object_repr": "user1@example.com", "action_flag": 3, "change_message": ""}}, {"model": "admin.logentry", "pk": 58, "fields": {"action_time": "2023-05-12T11:28:39.162Z", "user": 1, "content_type": 11, "object_id": "10", "object_repr": "Cart object (10)", "action_flag": 3, "change_message": ""}}, {"model": "admin.logentry", "pk": 59, "fields": {"action_time": "2023-05-12T11:28:39.172Z", "user": 1, "content_type": 11, "object_id": "9", "object_repr": "Cart object (9)", "action_flag": 3, "change_message": ""}}, {"model": "admin.logentry", "pk": 60, "fields": {"action_time": "2023-05-12T11:28:39.173Z", "user": 1, "content_type": 11, "object_id": "8", "object_repr": "Cart object (8)", "action_flag": 3, "change_message": ""}}, {"model": "admin.logentry", "pk": 61, "fields": {"action_time": "2023-05-12T11:28:39.174Z", "user": 1, "content_type": 11, "object_id": "7", "object_repr": "Cart object (7)", "action_flag": 3, "change_message": ""}}, {"model": "admin.logentry", "pk": 62, "fields": {"action_time": "2023-05-12T17:37:08.037Z", "user": 1, "content_type": 11, "object_id": "53", "object_repr": "Cart object (53)", "action_flag": 3, "change_message": ""}}, {"model": "admin.logentry", "pk": 63, "fields": {"action_time": "2023-05-13T09:52:50.293Z", "user": 1, "content_type": 6, "object_id": "32", "object_repr": "user5@example.com", "action_flag": 2, "change_message": "[{\"changed\": {\"fields\": [\"Is active\"]}}]"}}, {"model": "admin.logentry", "pk": 64, "fields": {"action_time": "2023-05-13T09:52:59.094Z", "user": 1, "content_type": 8, "object_id": "11", "object_repr": "Mimino", "action_flag": 2, "change_message": "[{\"changed\": {\"fields\": [\"Is approved\"]}}]"}}, {"model": "admin.logentry", "pk": 65, "fields": {"action_time": "2023-05-13T10:05:16.141Z", "user": 1, "content_type": 6, "object_id": "33", "object_repr": "user6@example.com", "action_flag": 2, "change_message": "[{\"changed\": {\"fields\": [\"Is active\"]}}]"}}, {"model": "admin.logentry", "pk": 66, "fields": {"action_time": "2023-05-13T10:05:31.227Z", "user": 1, "content_type": 8, "object_id": "12", "object_repr": "Apetit Tienda Rusa", "action_flag": 2, "change_message": "[{\"changed\": {\"fields\": [\"Is approved\"]}}]"}}, {"model": "admin.logentry", "pk": 67, "fields": {"action_time": "2023-05-15T11:53:59.860Z", "user": 1, "content_type": 7, "object_id": "33", "object_repr": "user6@example.com", "action_flag": 2, "change_message": "[]"}}, {"model": "admin.logentry", "pk": 68, "fields": {"action_time": "2023-05-15T11:55:19.215Z", "user": 1, "content_type": 7, "object_id": "32", "object_repr": "user5@example.com", "action_flag": 2, "change_message": "[]"}}, {"model": "admin.logentry", "pk": 69, "fields": {"action_time": "2023-05-15T11:55:33.576Z", "user": 1, "content_type": 7, "object_id": "30", "object_repr": "shved.dev15@gmail.com", "action_flag": 2, "change_message": "[]"}}, {"model": "admin.logentry", "pk": 70, "fields": {"action_time": "2023-05-15T11:55:45.344Z", "user": 1, "content_type": 7, "object_id": "24", "object_repr": "maks.shihowtsow@yandex.ru", "action_flag": 2, "change_message": "[]"}}, {"model": "admin.logentry", "pk": 71, "fields": {"action_time": "2023-05-15T16:48:44.247Z", "user": 1, "content_type": 12, "object_id": "1", "object_repr": "Monday", "action_flag": 1, "change_message": "[{\"added\": {}}]"}}, {"model": "admin.logentry", "pk": 72, "fields": {"action_time": "2023-05-15T19:43:49.312Z", "user": 1, "content_type": 12, "object_id": "9", "object_repr": "Monday", "action_flag": 3, "change_message": ""}}, {"model": "admin.logentry", "pk": 73, "fields": {"action_time": "2023-05-15T19:43:49.316Z", "user": 1, "content_type": 12, "object_id": "1", "object_repr": "Monday", "action_flag": 3, "change_message": ""}}, {"model": "admin.logentry", "pk": 74, "fields": {"action_time": "2023-05-15T19:43:49.317Z", "user": 1, "content_type": 12, "object_id": "6", "object_repr": "Tuesday", "action_flag": 3, "change_message": ""}}, {"model": "admin.logentry", "pk": 75, "fields": {"action_time": "2023-05-15T19:43:49.318Z", "user": 1, "content_type": 12, "object_id": "2", "object_repr": "Tuesday", "action_flag": 3, "change_message": ""}}, {"model": "admin.logentry", "pk": 76, "fields": {"action_time": "2023-05-15T19:43:49.319Z", "user": 1, "content_type": 12, "object_id": "3", "object_repr": "Wednesday", "action_flag": 3, "change_message": ""}}, {"model": "admin.logentry", "pk": 77, "fields": {"action_time": "2023-05-16T14:08:38.107Z", "user": 1, "content_type": 13, "object_id": "1", "object_repr": "VAT", "action_flag": 1, "change_message": "[{\"added\": {}}]"}}, {"model": "admin.logentry", "pk": 78, "fields": {"action_time": "2023-05-16T17:21:33.708Z", "user": 1, "content_type": 6, "object_id": "34", "object_repr": "maks.shihowtsow@gmail.com", "action_flag": 2, "change_message": "[{\"changed\": {\"fields\": [\"Is active\"]}}]"}}, {"model": "admin.logentry", "pk": 79, "fields": {"action_time": "2023-05-16T18:09:49.450Z", "user": 1, "content_type": 6, "object_id": "34", "object_repr": "maks.shihowtsow@gmail.com", "action_flag": 2, "change_message": "[{\"changed\": {\"fields\": [\"Phone number\"]}}]"}}, {"model": "admin.logentry", "pk": 80, "fields": {"action_time": "2023-05-17T13:55:22.603Z", "user": 1, "content_type": 16, "object_id": "1", "object_repr": "123", "action_flag": 3, "change_message": ""}}, {"model": "admin.logentry", "pk": 81, "fields": {"action_time": "2023-05-17T13:55:31.933Z", "user": 1, "content_type": 16, "object_id": "20", "object_repr": "2023051713504820", "action_flag": 3, "change_message": ""}}, {"model": "admin.logentry", "pk": 82, "fields": {"action_time": "2023-05-17T13:55:31.937Z", "user": 1, "content_type": 16, "object_id": "19", "object_repr": "2023051713205719", "action_flag": 3, "change_message": ""}}, {"model": "admin.logentry", "pk": 83, "fields": {"action_time": "2023-05-17T13:55:31.938Z", "user": 1, "content_type": 16, "object_id": "18", "object_repr": "2023051713121718", "action_flag": 3, "change_message": ""}}, {"model": "admin.logentry", "pk": 84, "fields": {"action_time": "2023-05-17T13:55:31.939Z", "user": 1, "content_type": 16, "object_id": "17", "object_repr": "2023051713113517", "action_flag": 3, "change_message": ""}}, {"model": "admin.logentry", "pk": 85, "fields": {"action_time": "2023-05-17T13:55:31.940Z", "user": 1, "content_type": 16, "object_id": "16", "object_repr": "2023051713104416", "action_flag": 3, "change_message": ""}}, {"model": "admin.logentry", "pk": 86, "fields": {"action_time": "2023-05-17T13:55:31.942Z", "user": 1, "content_type": 16, "object_id": "15", "object_repr": "2023051713102615", "action_flag": 3, "change_message": ""}}, {"model": "admin.logentry", "pk": 87, "fields": {"action_time": "2023-05-17T13:55:31.943Z", "user": 1, "content_type": 16, "object_id": "14", "object_repr": "2023051713093414", "action_flag": 3, "change_message": ""}}, {"model": "admin.logentry", "pk": 88, "fields": {"action_time": "2023-05-17T13:55:31.944Z", "user": 1, "content_type": 16, "object_id": "13", "object_repr": "2023051713093313", "action_flag": 3, "change_message": ""}}, {"model": "admin.logentry", "pk": 89, "fields": {"action_time": "2023-05-17T13:55:31.945Z", "user": 1, "content_type": 16, "object_id": "12", "object_repr": "2023051713090912", "action_flag": 3, "change_message": ""}}, {"model": "admin.logentry", "pk": 90, "fields": {"action_time": "2023-05-17T13:55:31.946Z", "user": 1, "content_type": 16, "object_id": "11", "object_repr": "2023051713090811", "action_flag": 3, "change_message": ""}}, {"model": "admin.logentry", "pk": 91, "fields": {"action_time": "2023-05-17T13:55:31.947Z", "user": 1, "content_type": 16, "object_id": "10", "object_repr": "2023051713074210", "action_flag": 3, "change_message": ""}}, {"model": "admin.logentry", "pk": 92, "fields": {"action_time": "2023-05-17T13:55:31.949Z", "user": 1, "content_type": 16, "object_id": "9", "object_repr": "202305171307229", "action_flag": 3, "change_message": ""}}, {"model": "admin.logentry", "pk": 93, "fields": {"action_time": "2023-05-17T13:55:31.950Z", "user": 1, "content_type": 16, "object_id": "8", "object_repr": "202305171306468", "action_flag": 3, "change_message": ""}}, {"model": "admin.logentry", "pk": 94, "fields": {"action_time": "2023-05-17T13:55:31.950Z", "user": 1, "content_type": 16, "object_id": "7", "object_repr": "202305171302257", "action_flag": 3, "change_message": ""}}, {"model": "admin.logentry", "pk": 95, "fields": {"action_time": "2023-05-17T13:55:31.951Z", "user": 1, "content_type": 16, "object_id": "6", "object_repr": "202305171302156", "action_flag": 3, "change_message": ""}}, {"model": "admin.logentry", "pk": 96, "fields": {"action_time": "2023-05-17T13:55:31.952Z", "user": 1, "content_type": 16, "object_id": "5", "object_repr": "202305171301145", "action_flag": 3, "change_message": ""}}, {"model": "admin.logentry", "pk": 97, "fields": {"action_time": "2023-05-17T13:55:31.953Z", "user": 1, "content_type": 16, "object_id": "4", "object_repr": "202305171300064", "action_flag": 3, "change_message": ""}}, {"model": "admin.logentry", "pk": 98, "fields": {"action_time": "2023-05-17T13:55:31.953Z", "user": 1, "content_type": 16, "object_id": "3", "object_repr": "202305171113343", "action_flag": 3, "change_message": ""}}, {"model": "admin.logentry", "pk": 99, "fields": {"action_time": "2023-05-17T13:55:31.954Z", "user": 1, "content_type": 16, "object_id": "2", "object_repr": "202305170941252", "action_flag": 3, "change_message": ""}}, {"model": "admin.logentry", "pk": 100, "fields": {"action_time": "2023-05-19T08:36:51.156Z", "user": 1, "content_type": 16, "object_id": "24", "object_repr": "2023051720163824", "action_flag": 3, "change_message": ""}}, {"model": "admin.logentry", "pk": 101, "fields": {"action_time": "2023-05-19T08:36:51.165Z", "user": 1, "content_type": 16, "object_id": "23", "object_repr": "2023051720081623", "action_flag": 3, "change_message": ""}}, {"model": "admin.logentry", "pk": 102, "fields": {"action_time": "2023-05-19T08:36:51.167Z", "user": 1, "content_type": 16, "object_id": "22", "object_repr": "2023051719271522", "action_flag": 3, "change_message": ""}}, {"model": "admin.logentry", "pk": 103, "fields": {"action_time": "2023-05-19T08:36:51.168Z", "user": 1, "content_type": 16, "object_id": "21", "object_repr": "2023051714174521", "action_flag": 3, "change_message": ""}}, {"model": "admin.logentry", "pk": 104, "fields": {"action_time": "2023-05-19T08:42:11.328Z", "user": 1, "content_type": 16, "object_id": "25", "object_repr": "1234567890", "action_flag": 1, "change_message": "[{\"added\": {}}]"}}, {"model": "admin.logentry", "pk": 105, "fields": {"action_time": "2023-05-19T08:44:16.536Z", "user": 1, "content_type": 16, "object_id": "26", "object_repr": "0987654321", "action_flag": 1, "change_message": "[{\"added\": {}}]"}}, {"model": "admin.logentry", "pk": 106, "fields": {"action_time": "2023-05-19T08:45:49.371Z", "user": 1, "content_type": 16, "object_id": "27", "object_repr": "1234509876", "action_flag": 1, "change_message": "[{\"added\": {}}]"}}, {"model": "admin.logentry", "pk": 107, "fields": {"action_time": "2023-05-20T09:09:34.785Z", "user": 1, "content_type": 6, "object_id": "35", "object_repr": "maks.shihiwtsow15@gmail.com", "action_flag": 3, "change_message": ""}}, {"model": "admin.logentry", "pk": 108, "fields": {"action_time": "2023-05-20T14:10:03.260Z", "user": 1, "content_type": 6, "object_id": "25", "object_repr": "zaebalimenyavkray@mail.ru", "action_flag": 3, "change_message": ""}}, {"model": "admin.logentry", "pk": 109, "fields": {"action_time": "2023-05-20T14:19:59.839Z", "user": 1, "content_type": 6, "object_id": "36", "object_repr": "zaebalimenyavkray@mail.ru", "action_flag": 3, "change_message": ""}}, {"model": "admin.logentry", "pk": 110, "fields": {"action_time": "2023-05-20T14:28:54.585Z", "user": 1, "content_type": 6, "object_id": "37", "object_repr": "zaebalimenyavkray@mail.ru", "action_flag": 3, "change_message": ""}}, {"model": "admin.logentry", "pk": 111, "fields": {"action_time": "2023-05-20T14:32:14.811Z", "user": 1, "content_type": 6, "object_id": "38", "object_repr": "zaebalimenyavkray@mail.ru", "action_flag": 3, "change_message": ""}}, {"model": "admin.logentry", "pk": 112, "fields": {"action_time": "2023-05-20T14:33:10.564Z", "user": 1, "content_type": 6, "object_id": "39", "object_repr": "zaebalimenyavkray@mail.ru", "action_flag": 3, "change_message": ""}}, {"model": "admin.logentry", "pk": 113, "fields": {"action_time": "2023-05-20T14:45:19.580Z", "user": 1, "content_type": 6, "object_id": "40", "object_repr": "zaebalimenyavkray@mail.ru", "action_flag": 3, "change_message": ""}}, {"model": "admin.logentry", "pk": 114, "fields": {"action_time": "2023-05-20T14:47:00.583Z", "user": 1, "content_type": 6, "object_id": "41", "object_repr": "zaebalimenyavkray@mail.ru", "action_flag": 3, "change_message": ""}}, {"model": "admin.logentry", "pk": 115, "fields": {"action_time": "2023-05-20T15:04:27.081Z", "user": 1, "content_type": 6, "object_id": "42", "object_repr": "zaebalimenyavkray@mail.ru", "action_flag": 3, "change_message": ""}}, {"model": "admin.logentry", "pk": 116, "fields": {"action_time": "2023-05-20T15:13:00.516Z", "user": 1, "content_type": 6, "object_id": "43", "object_repr": "zaebalimenyavkray@mail.ru", "action_flag": 3, "change_message": ""}}, {"model": "admin.logentry", "pk": 117, "fields": {"action_time": "2023-05-20T15:21:51.489Z", "user": 1, "content_type": 6, "object_id": "44", "object_repr": "zaebalimenyavkray@mail.ru", "action_flag": 3, "change_message": ""}}, {"model": "admin.logentry", "pk": 118, "fields": {"action_time": "2023-05-20T15:22:22.037Z", "user": 1, "content_type": 6, "object_id": "45", "object_repr": "zaebalimenyavkray@mail.ru", "action_flag": 3, "change_message": ""}}, {"model": "admin.logentry", "pk": 119, "fields": {"action_time": "2023-05-20T15:25:20.263Z", "user": 1, "content_type": 6, "object_id": "46", "object_repr": "zaebalimenyavkray@mail.ru", "action_flag": 2, "change_message": "[{\"changed\": {\"fields\": [\"Is active\"]}}]"}}, {"model": "admin.logentry", "pk": 120, "fields": {"action_time": "2023-05-20T15:48:06.590Z", "user": 1, "content_type": 6, "object_id": "46", "object_repr": "zaebalimenyavkray@mail.ru", "action_flag": 3, "change_message": ""}}, {"model": "admin.logentry", "pk": 121, "fields": {"action_time": "2023-05-20T15:51:00.987Z", "user": 1, "content_type": 8, "object_id": "13", "object_repr": "TestVendorClass", "action_flag": 2, "change_message": "[{\"changed\": {\"fields\": [\"Is approved\"]}}]"}}, {"model": "admin.logentry", "pk": 122, "fields": {"action_time": "2023-05-20T15:54:08.488Z", "user": 1, "content_type": 6, "object_id": "47", "object_repr": "zaebalimenyavkray@mail.ru", "action_flag": 3, "change_message": ""}}, {"model": "admin.logentry", "pk": 123, "fields": {"action_time": "2023-05-20T15:55:02.190Z", "user": 1, "content_type": 6, "object_id": "48", "object_repr": "zaebalimenyavkray@mail.ru", "action_flag": 2, "change_message": "[{\"changed\": {\"fields\": [\"Is active\"]}}]"}}, {"model": "admin.logentry", "pk": 124, "fields": {"action_time": "2023-05-20T15:55:09.207Z", "user": 1, "content_type": 8, "object_id": "14", "object_repr": "TestVendortest", "action_flag": 2, "change_message": "[{\"changed\": {\"fields\": [\"Is approved\"]}}]"}}, {"model": "admin.logentry", "pk": 125, "fields": {"action_time": "2023-05-20T15:59:08.750Z", "user": 1, "content_type": 6, "object_id": "48", "object_repr": "zaebalimenyavkray@mail.ru", "action_flag": 3, "change_message": ""}}, {"model": "admin.logentry", "pk": 126, "fields": {"action_time": "2023-05-20T16:06:30.101Z", "user": 1, "content_type": 6, "object_id": "49", "object_repr": "zaebalimenyavkray@mail.ru", "action_flag": 2, "change_message": "[{\"changed\": {\"fields\": [\"Is active\"]}}]"}}, {"model": "admin.logentry", "pk": 127, "fields": {"action_time": "2023-05-20T16:06:37.513Z", "user": 1, "content_type": 8, "object_id": "15", "object_repr": "TestVendortest", "action_flag": 2, "change_message": "[{\"changed\": {\"fields\": [\"Is approved\"]}}]"}}, {"model": "admin.logentry", "pk": 128, "fields": {"action_time": "2023-05-20T16:43:19.044Z", "user": 1, "content_type": 6, "object_id": "49", "object_repr": "zaebalimenyavkray@mail.ru", "action_flag": 3, "change_message": ""}}, {"model": "admin.logentry", "pk": 129, "fields": {"action_time": "2023-05-20T16:45:55.528Z", "user": 1, "content_type": 6, "object_id": "50", "object_repr": "zaebalimenyavkray@mail.ru", "action_flag": 2, "change_message": "[{\"changed\": {\"fields\": [\"Is active\"]}}]"}}, {"model": "admin.logentry", "pk": 130, "fields": {"action_time": "2023-05-20T16:48:29.216Z", "user": 1, "content_type": 6, "object_id": "50", "object_repr": "zaebalimenyavkray@mail.ru", "action_flag": 3, "change_message": ""}}, {"model": "admin.logentry", "pk": 131, "fields": {"action_time": "2023-05-20T17:49:53.358Z", "user": 1, "content_type": 6, "object_id": "51", "object_repr": "zaebalimenyavkray@mail.ru", "action_flag": 3, "change_message": ""}}, {"model": "admin.logentry", "pk": 132, "fields": {"action_time": "2023-05-20T17:50:26.001Z", "user": 1, "content_type": 6, "object_id": "52", "object_repr": "zaebalimenyavkray@mail.ru", "action_flag": 2, "change_message": "[{\"changed\": {\"fields\": [\"Is active\"]}}]"}}, {"model": "admin.logentry", "pk": 133, "fields": {"action_time": "2023-05-21T08:57:19.034Z", "user": 1, "content_type": 6, "object_id": "52", "object_repr": "zaebalimenyavkray@mail.ru", "action_flag": 3, "change_message": ""}}, {"model": "admin.logentry", "pk": 134, "fields": {"action_time": "2023-05-21T09:00:18.063Z", "user": 1, "content_type": 6, "object_id": "53", "object_repr": "zaebalimenyavkray@mail.ru", "action_flag": 3, "change_message": ""}}, {"model": "admin.logentry", "pk": 135, "fields": {"action_time": "2023-05-21T09:01:23.489Z", "user": 1, "content_type": 6, "object_id": "54", "object_repr": "zaebalimenyavkray@mail.ru", "action_flag": 2, "change_message": "[{\"changed\": {\"fields\": [\"Is active\"]}}]"}}, {"model": "admin.logentry", "pk": 136, "fields": {"action_time": "2023-05-21T09:01:50.311Z", "user": 1, "content_type": 6, "object_id": "54", "object_repr": "zaebalimenyavkray@mail.ru", "action_flag": 3, "change_message": ""}}, {"model": "admin.logentry", "pk": 137, "fields": {"action_time": "2023-05-21T09:02:39.758Z", "user": 1, "content_type": 6, "object_id": "55", "object_repr": "zaebalimenyavkray@mail.ru", "action_flag": 2, "change_message": "[{\"changed\": {\"fields\": [\"Is active\"]}}]"}}, {"model": "admin.logentry", "pk": 138, "fields": {"action_time": "2023-05-21T09:10:03.116Z", "user": 1, "content_type": 6, "object_id": "55", "object_repr": "zaebalimenyavkray@mail.ru", "action_flag": 3, "change_message": ""}}, {"model": "admin.logentry", "pk": 139, "fields": {"action_time": "2023-05-21T09:16:10.043Z", "user": 1, "content_type": 6, "object_id": "56", "object_repr": "zaebalimenyavkray@mail.ru", "action_flag": 3, "change_message": ""}}, {"model": "admin.logentry", "pk": 140, "fields": {"action_time": "2023-05-21T09:17:08.139Z", "user": 1, "content_type": 6, "object_id": "57", "object_repr": "zaebalimenyavkray@mail.ru", "action_flag": 2, "change_message": "[{\"changed\": {\"fields\": [\"Is active\"]}}]"}}, {"model": "admin.logentry", "pk": 141, "fields": {"action_time": "2023-05-21T09:23:23.513Z", "user": 1, "content_type": 6, "object_id": "57", "object_repr": "zaebalimenyavkray@mail.ru", "action_flag": 3, "change_message": ""}}, {"model": "admin.logentry", "pk": 142, "fields": {"action_time": "2023-05-21T09:36:50.580Z", "user": 1, "content_type": 6, "object_id": "59", "object_repr": "zaebalimenyavkray@mail.ru", "action_flag": 2, "change_message": "[{\"changed\": {\"fields\": [\"Is active\"]}}]"}}, {"model": "admin.logentry", "pk": 143, "fields": {"action_time": "2023-05-22T09:01:13.843Z", "user": 1, "content_type": 6, "object_id": "59", "object_repr": "zaebalimenyavkray@mail.ru", "action_flag": 3, "change_message": ""}}, {"model": "admin.logentry", "pk": 144, "fields": {"action_time": "2023-05-22T09:10:13.247Z", "user": 1, "content_type": 6, "object_id": "61", "object_repr": "zaebalimenyavkray@mail.ru", "action_flag": 2, "change_message": "[{\"changed\": {\"fields\": [\"Is active\"]}}]"}}, {"model": "admin.logentry", "pk": 145, "fields": {"action_time": "2023-05-22T09:27:53.936Z", "user": 1, "content_type": 6, "object_id": "61", "object_repr": "zaebalimenyavkray@mail.ru", "action_flag": 3, "change_message": ""}}, {"model": "admin.logentry", "pk": 146, "fields": {"action_time": "2023-05-22T09:28:24.281Z", "user": 1, "content_type": 6, "object_id": "62", "object_repr": "zaebalimenyavkray@mail.ru", "action_flag": 2, "change_message": "[{\"changed\": {\"fields\": [\"Is active\"]}}]"}}, {"model": "admin.logentry", "pk": 147, "fields": {"action_time": "2023-05-22T09:34:31.521Z", "user": 1, "content_type": 6, "object_id": "62", "object_repr": "zaebalimenyavkray@mail.ru", "action_flag": 3, "change_message": ""}}, {"model": "admin.logentry", "pk": 148, "fields": {"action_time": "2023-05-22T09:35:16.463Z", "user": 1, "content_type": 6, "object_id": "63", "object_repr": "zaebalimenyavkray@mail.ru", "action_flag": 2, "change_message": "[{\"changed\": {\"fields\": [\"Is active\"]}}]"}}, {"model": "admin.logentry", "pk": 149, "fields": {"action_time": "2023-05-22T09:35:29.103Z", "user": 1, "content_type": 8, "object_id": "18", "object_repr": "TestVendortest", "action_flag": 2, "change_message": "[{\"changed\": {\"fields\": [\"Is approved\"]}}]"}}, {"model": "admin.logentry", "pk": 150, "fields": {"action_time": "2023-05-22T10:27:32.773Z", "user": 1, "content_type": 6, "object_id": "63", "object_repr": "zaebalimenyavkray@mail.ru", "action_flag": 3, "change_message": ""}}, {"model": "admin.logentry", "pk": 151, "fields": {"action_time": "2023-05-22T10:53:48.017Z", "user": 1, "content_type": 6, "object_id": "64", "object_repr": "zaebalimenyavkray@mail.ru", "action_flag": 3, "change_message": ""}}, {"model": "admin.logentry", "pk": 152, "fields": {"action_time": "2023-05-22T15:27:16.182Z", "user": 1, "content_type": 9, "object_id": "34", "object_repr": "Test Product item", "action_flag": 3, "change_message": ""}}, {"model": "admin.logentry", "pk": 153, "fields": {"action_time": "2023-05-30T11:37:10.621Z", "user": 1, "content_type": 6, "object_id": "65", "object_repr": "zaebalimenyavkray@mail.ru", "action_flag": 3, "change_message": ""}}, {"model": "admin.logentry", "pk": 154, "fields": {"action_time": "2023-05-30T11:37:51.420Z", "user": 1, "content_type": 6, "object_id": "66", "object_repr": "zaebalimenyavkray@mail.ru", "action_flag": 2, "change_message": "[{\"changed\": {\"fields\": [\"Is active\"]}}]"}}, {"model": "auth.permission", "pk": 1, "fields": {"name": "Can add log entry", "content_type": 1, "codename": "add_logentry"}}, {"model": "auth.permission", "pk": 2, "fields": {"name": "Can change log entry", "content_type": 1, "codename": "change_logentry"}}, {"model": "auth.permission", "pk": 3, "fields": {"name": "Can delete log entry", "content_type": 1, "codename": "delete_logentry"}}, {"model": "auth.permission", "pk": 4, "fields": {"name": "Can view log entry", "content_type": 1, "codename": "view_logentry"}}, {"model": "auth.permission", "pk": 5, "fields": {"name": "Can add permission", "content_type": 2, "codename": "add_permission"}}, {"model": "auth.permission", "pk": 6, "fields": {"name": "Can change permission", "content_type": 2, "codename": "change_permission"}}, {"model": "auth.permission", "pk": 7, "fields": {"name": "Can delete permission", "content_type": 2, "codename": "delete_permission"}}, {"model": "auth.permission", "pk": 8, "fields": {"name": "Can view permission", "content_type": 2, "codename": "view_permission"}}, {"model": "auth.permission", "pk": 9, "fields": {"name": "Can add group", "content_type": 3, "codename": "add_group"}}, {"model": "auth.permission", "pk": 10, "fields": {"name": "Can change group", "content_type": 3, "codename": "change_group"}}, {"model": "auth.permission", "pk": 11, "fields": {"name": "Can delete group", "content_type": 3, "codename": "delete_group"}}, {"model": "auth.permission", "pk": 12, "fields": {"name": "Can view group", "content_type": 3, "codename": "view_group"}}, {"model": "auth.permission", "pk": 13, "fields": {"name": "Can add content type", "content_type": 4, "codename": "add_contenttype"}}, {"model": "auth.permission", "pk": 14, "fields": {"name": "Can change content type", "content_type": 4, "codename": "change_contenttype"}}, {"model": "auth.permission", "pk": 15, "fields": {"name": "Can delete content type", "content_type": 4, "codename": "delete_contenttype"}}, {"model": "auth.permission", "pk": 16, "fields": {"name": "Can view content type", "content_type": 4, "codename": "view_contenttype"}}, {"model": "auth.permission", "pk": 17, "fields": {"name": "Can add session", "content_type": 5, "codename": "add_session"}}, {"model": "auth.permission", "pk": 18, "fields": {"name": "Can change session", "content_type": 5, "codename": "change_session"}}, {"model": "auth.permission", "pk": 19, "fields": {"name": "Can delete session", "content_type": 5, "codename": "delete_session"}}, {"model": "auth.permission", "pk": 20, "fields": {"name": "Can view session", "content_type": 5, "codename": "view_session"}}, {"model": "auth.permission", "pk": 21, "fields": {"name": "Can add user", "content_type": 6, "codename": "add_user"}}, {"model": "auth.permission", "pk": 22, "fields": {"name": "Can change user", "content_type": 6, "codename": "change_user"}}, {"model": "auth.permission", "pk": 23, "fields": {"name": "Can delete user", "content_type": 6, "codename": "delete_user"}}, {"model": "auth.permission", "pk": 24, "fields": {"name": "Can view user", "content_type": 6, "codename": "view_user"}}, {"model": "auth.permission", "pk": 25, "fields": {"name": "Can add user profile", "content_type": 7, "codename": "add_userprofile"}}, {"model": "auth.permission", "pk": 26, "fields": {"name": "Can change user profile", "content_type": 7, "codename": "change_userprofile"}}, {"model": "auth.permission", "pk": 27, "fields": {"name": "Can delete user profile", "content_type": 7, "codename": "delete_userprofile"}}, {"model": "auth.permission", "pk": 28, "fields": {"name": "Can view user profile", "content_type": 7, "codename": "view_userprofile"}}, {"model": "auth.permission", "pk": 29, "fields": {"name": "Can add vendor", "content_type": 8, "codename": "add_vendor"}}, {"model": "auth.permission", "pk": 30, "fields": {"name": "Can change vendor", "content_type": 8, "codename": "change_vendor"}}, {"model": "auth.permission", "pk": 31, "fields": {"name": "Can delete vendor", "content_type": 8, "codename": "delete_vendor"}}, {"model": "auth.permission", "pk": 32, "fields": {"name": "Can view vendor", "content_type": 8, "codename": "view_vendor"}}, {"model": "auth.permission", "pk": 33, "fields": {"name": "Can add food item", "content_type": 9, "codename": "add_fooditem"}}, {"model": "auth.permission", "pk": 34, "fields": {"name": "Can change food item", "content_type": 9, "codename": "change_fooditem"}}, {"model": "auth.permission", "pk": 35, "fields": {"name": "Can delete food item", "content_type": 9, "codename": "delete_fooditem"}}, {"model": "auth.permission", "pk": 36, "fields": {"name": "Can view food item", "content_type": 9, "codename": "view_fooditem"}}, {"model": "auth.permission", "pk": 37, "fields": {"name": "Can add category", "content_type": 10, "codename": "add_category"}}, {"model": "auth.permission", "pk": 38, "fields": {"name": "Can change category", "content_type": 10, "codename": "change_category"}}, {"model": "auth.permission", "pk": 39, "fields": {"name": "Can delete category", "content_type": 10, "codename": "delete_category"}}, {"model": "auth.permission", "pk": 40, "fields": {"name": "Can view category", "content_type": 10, "codename": "view_category"}}, {"model": "auth.permission", "pk": 41, "fields": {"name": "Can add cart", "content_type": 11, "codename": "add_cart"}}, {"model": "auth.permission", "pk": 42, "fields": {"name": "Can change cart", "content_type": 11, "codename": "change_cart"}}, {"model": "auth.permission", "pk": 43, "fields": {"name": "Can delete cart", "content_type": 11, "codename": "delete_cart"}}, {"model": "auth.permission", "pk": 44, "fields": {"name": "Can view cart", "content_type": 11, "codename": "view_cart"}}, {"model": "auth.permission", "pk": 45, "fields": {"name": "Can add opening hour", "content_type": 12, "codename": "add_openinghour"}}, {"model": "auth.permission", "pk": 46, "fields": {"name": "Can change opening hour", "content_type": 12, "codename": "change_openinghour"}}, {"model": "auth.permission", "pk": 47, "fields": {"name": "Can delete opening hour", "content_type": 12, "codename": "delete_openinghour"}}, {"model": "auth.permission", "pk": 48, "fields": {"name": "Can view opening hour", "content_type": 12, "codename": "view_openinghour"}}, {"model": "auth.permission", "pk": 49, "fields": {"name": "Can add tax", "content_type": 13, "codename": "add_tax"}}, {"model": "auth.permission", "pk": 50, "fields": {"name": "Can change tax", "content_type": 13, "codename": "change_tax"}}, {"model": "auth.permission", "pk": 51, "fields": {"name": "Can delete tax", "content_type": 13, "codename": "delete_tax"}}, {"model": "auth.permission", "pk": 52, "fields": {"name": "Can view tax", "content_type": 13, "codename": "view_tax"}}, {"model": "auth.permission", "pk": 53, "fields": {"name": "Can add ordered product", "content_type": 14, "codename": "add_orderedproduct"}}, {"model": "auth.permission", "pk": 54, "fields": {"name": "Can change ordered product", "content_type": 14, "codename": "change_orderedproduct"}}, {"model": "auth.permission", "pk": 55, "fields": {"name": "Can delete ordered product", "content_type": 14, "codename": "delete_orderedproduct"}}, {"model": "auth.permission", "pk": 56, "fields": {"name": "Can view ordered product", "content_type": 14, "codename": "view_orderedproduct"}}, {"model": "auth.permission", "pk": 57, "fields": {"name": "Can add payment", "content_type": 15, "codename": "add_payment"}}, {"model": "auth.permission", "pk": 58, "fields": {"name": "Can change payment", "content_type": 15, "codename": "change_payment"}}, {"model": "auth.permission", "pk": 59, "fields": {"name": "Can delete payment", "content_type": 15, "codename": "delete_payment"}}, {"model": "auth.permission", "pk": 60, "fields": {"name": "Can view payment", "content_type": 15, "codename": "view_payment"}}, {"model": "auth.permission", "pk": 61, "fields": {"name": "Can add order", "content_type": 16, "codename": "add_order"}}, {"model": "auth.permission", "pk": 62, "fields": {"name": "Can change order", "content_type": 16, "codename": "change_order"}}, {"model": "auth.permission", "pk": 63, "fields": {"name": "Can delete order", "content_type": 16, "codename": "delete_order"}}, {"model": "auth.permission", "pk": 64, "fields": {"name": "Can view order", "content_type": 16, "codename": "view_order"}}, {"model": "contenttypes.contenttype", "pk": 1, "fields": {"app_label": "admin", "model": "logentry"}}, {"model": "contenttypes.contenttype", "pk": 2, "fields": {"app_label": "auth", "model": "permission"}}, {"model": "contenttypes.contenttype", "pk": 3, "fields": {"app_label": "auth", "model": "group"}}, {"model": "contenttypes.contenttype", "pk": 4, "fields": {"app_label": "contenttypes", "model": "contenttype"}}, {"model": "contenttypes.contenttype", "pk": 5, "fields": {"app_label": "sessions", "model": "session"}}, {"model": "contenttypes.contenttype", "pk": 6, "fields": {"app_label": "accounts", "model": "user"}}, {"model": "contenttypes.contenttype", "pk": 7, "fields": {"app_label": "accounts", "model": "userprofile"}}, {"model": "contenttypes.contenttype", "pk": 8, "fields": {"app_label": "vendor", "model": "vendor"}}, {"model": "contenttypes.contenttype", "pk": 9, "fields": {"app_label": "catalog", "model": "fooditem"}}, {"model": "contenttypes.contenttype", "pk": 10, "fields": {"app_label": "catalog", "model": "category"}}, {"model": "contenttypes.contenttype", "pk": 11, "fields": {"app_label": "marketplace", "model": "cart"}}, {"model": "contenttypes.contenttype", "pk": 12, "fields": {"app_label": "vendor", "model": "openinghour"}}, {"model": "contenttypes.contenttype", "pk": 13, "fields": {"app_label": "marketplace", "model": "tax"}}, {"model": "contenttypes.contenttype", "pk": 14, "fields": {"app_label": "orders", "model": "orderedproduct"}}, {"model": "contenttypes.contenttype", "pk": 15, "fields": {"app_label": "orders", "model": "payment"}}, {"model": "contenttypes.contenttype", "pk": 16, "fields": {"app_label": "orders", "model": "order"}}, {"model": "sessions.session", "pk": "2uk5a41h1clmkcxi4ovfprjwcgwyno7y", "fields": {"session_data": ".eJxVjDsOwyAQRO9CHSEBCwsp0-cMiM8SnEQgGbuycvfYkouknHlvZmM-rEv166DZT5ldmQJ2-S1jSC9qB8nP0B6dp96WeYr8UPhJB7_3TO_b6f4d1DDqvrYlYVRCKo2GDDhjyKHIVJQlsBB1CSilgBQ0YlEGM6U9RTIaMFnHPl_5pTfR:1q295B:Mq89qUZQU7pTn35-weVAd7A_k0U4g22Y6QGjRoDjOjM", "expire_date": "2023-06-08T11:24:37.294Z"}}, {"model": "sessions.session", "pk": "esb7ws8m7bjdl6ydchs99ndg1zqdnq0d", "fields": {"session_data": "e30:1pw0M7:Or3kRFC3GPad-7Vt8G14Z3wSrtYGLQalnbfBIouc1X4", "expire_date": "2023-05-22T12:52:43.356Z"}}, {"model": "sessions.session", "pk": "so5abl1vugqoqic7i3hkd26l7gp2b3jn", "fields": {"session_data": "e30:1pvyEc:P_T0ROnZxQcVa3bBzLnkJARWPOIiqNrZXiMd0BLJhdI", "expire_date": "2023-05-22T10:36:50.027Z"}}, {"model": "sessions.session", "pk": "sxpf16f8fdpfun7b5udlckfdd4gj3930", "fields": {"session_data": ".eJxVjjkOAjEMRe-SGkWxs5qSnjOMnGUWQDPSLBXi7iTSFND6vf_kt-j42Mfu2MraTVlcBYjL7y1yepa5gfzgeVhkWuZ9naJsijzpJu9LLq_b6f4FRt7GulasY0zOKsxOE_Z9QUAOCQsxsSHM1rHvkXWiAGANaV_tGHOo0LsaffFeQwakCmA0OEAFpEwj89A-l6CVtWSdQSCnvBafL39hQp8:1pytvm:PbQRmvtZekg7p8hkXq81hioB9eCKbygYzDDutfay6dg", "expire_date": "2023-05-30T12:37:30.472Z"}}, {"model": "sessions.session", "pk": "tsrgeazg9es2l0mxfpx1wflw1w0nrr80", "fields": {"session_data": ".eJxVjMEOwiAQRP-FsyGlwAIevfsNZFlWqRpISnsy_rtt0oNe5jDvzbxFxHUpce08xymLswAQp98yIT257iQ_sN6bpFaXeUpyV-RBu7y2zK_L4f4dFOxlW4eggkpOG1TGB7IKEWiAcAOtnc5bKtQmeLbAPHhwysOQiUZmN1oP4vMF2T021Q:1q3xfp:fum9AGABn_MYH2wwuxUnJnNIwXlhRUcNtLzEVXw4WuM", "expire_date": "2023-06-13T11:37:57.878Z"}}, {"model": "sessions.session", "pk": "ycyn5652cpzjfmcd6a4i2i7hn462j5hu", "fields": {"session_data": "e30:1q28e5:YcmFISzQfi3BcaVaNCrF-LXImHr8vjjLxuf4BlhHyhI", "expire_date": "2023-06-08T10:56:37.801Z"}}, {"model": "accounts.user", "pk": 1, "fields": {"password": "pbkdf2_sha256$260000$E6H7rGbB9IjrNmUTNJqCu3$VzDUZsW8JBdZ6ZCLBlv/lkdfMcxt9bQ7qGm6oQdKXx4=", "first_name": "Maxim", "last_name": "Shikhovtsov", "username": "shved15", "email": "aristotelsokrat8@gmail.com", "phone_number": "", "role": null, "date_joined": "2023-05-06T18:42:31.254Z", "last_login": "2023-05-16T17:20:18.660Z", "created_date": "2023-05-06T18:42:31.254Z", "modified_date": "2023-05-06T18:42:31.263Z", "is_admin": true, "is_staff": true, "is_active": true, "is_superadmin": true}}, {"model": "accounts.user", "pk": 24, "fields": {"password": "pbkdf2_sha256$260000$h9BAjlHMWulAi7LxyWeoXK$B3+BHPVIP2hju76APmSh/4zKW1dqHlRPRa321Fgt3ZA=", "first_name": "Vendor", "last_name": "Name", "username": "user1", "email": "maks.shihowtsow@yandex.ru", "phone_number": "", "role": 1, "date_joined": "2023-05-08T16:38:06.828Z", "last_login": "2023-05-28T17:29:28.145Z", "created_date": "2023-05-08T16:38:06.828Z", "modified_date": "2023-05-08T16:38:54.993Z", "is_admin": false, "is_staff": false, "is_active": true, "is_superadmin": false}}, {"model": "accounts.user", "pk": 30, "fields": {"password": "pbkdf2_sha256$260000$MKMeKPtMyU5GzlQgBVUszd$2GYdIZTuAyb3MunZQwzFcZixALYH7UoSufzeUPOLNjQ=", "first_name": "Test2", "last_name": "Vendor 2", "username": "user3", "email": "shved.dev15@gmail.com", "phone_number": "", "role": 1, "date_joined": "2023-05-11T12:42:28.955Z", "last_login": "2023-05-29T13:20:52.033Z", "created_date": "2023-05-11T12:42:28.955Z", "modified_date": "2023-05-11T12:42:44.771Z", "is_admin": false, "is_staff": false, "is_active": true, "is_superadmin": false}}, {"model": "accounts.user", "pk": 32, "fields": {"password": "pbkdf2_sha256$260000$RhxbCgt4qTLXy0v4OBYSZr$rFgn1M5AC4STc5QeSWRhfkmyckcmC3ma/bzNyamoIoE=", "first_name": "grus", "last_name": "grusov", "username": "user5", "email": "user5@example.com", "phone_number": "", "role": 1, "date_joined": "2023-05-13T09:52:26.021Z", "last_login": "2023-05-29T10:27:35.832Z", "created_date": "2023-05-13T09:52:26.021Z", "modified_date": "2023-05-13T09:52:50.288Z", "is_admin": false, "is_staff": false, "is_active": true, "is_superadmin": false}}, {"model": "accounts.user", "pk": 33, "fields": {"password": "pbkdf2_sha256$260000$xSgMPqkR3H4SvizXs3Inzh$6JLVFwy7IaotDJeLo1KH9YLHniVrFWptCRwmiMXmfiY=", "first_name": "Jose", "last_name": "Jueves", "username": "user6", "email": "user6@example.com", "phone_number": "", "role": 1, "date_joined": "2023-05-13T10:05:02.724Z", "last_login": "2023-05-29T13:08:51.470Z", "created_date": "2023-05-13T10:05:02.724Z", "modified_date": "2023-05-13T10:05:16.133Z", "is_admin": false, "is_staff": false, "is_active": true, "is_superadmin": false}}, {"model": "accounts.user", "pk": 34, "fields": {"password": "pbkdf2_sha256$260000$XpYP997MoLfSHZrKCE9z1j$vc7UZ5dgybJdmcYR5Wj9UrpiNpYyXzG8vzc8ALYMY+s=", "first_name": "Maxim", "last_name": "Shikhovtsov", "username": "ShvedUser", "email": "maks.shihowtsow@gmail.com", "phone_number": "+79999999999", "role": 2, "date_joined": "2023-05-16T17:21:18.907Z", "last_login": "2023-05-25T11:24:37.262Z", "created_date": "2023-05-16T17:21:18.907Z", "modified_date": "2023-05-25T11:01:55.686Z", "is_admin": false, "is_staff": false, "is_active": true, "is_superadmin": false}}, {"model": "accounts.user", "pk": 66, "fields": {"password": "pbkdf2_sha256$260000$bo3uQRt2fAdETesg1MNrr6$rzJ8ynJ7c/fIxM7suMK8vShlY3BRsC1sz7nnCL6x+x8=", "first_name": "User", "last_name": "Name", "username": "UserName", "email": "zaebalimenyavkray@mail.ru", "phone_number": "", "role": 2, "date_joined": "2023-05-30T11:37:39.365Z", "last_login": "2023-05-30T11:37:57.859Z", "created_date": "2023-05-30T11:37:39.365Z", "modified_date": "2023-05-30T11:37:51.393Z", "is_admin": false, "is_staff": false, "is_active": true, "is_superadmin": false}}, {"model": "accounts.userprofile", "pk": 1, "fields": {"user": 1, "profile_picture": "", "cover_photo": "", "address": null, "country": null, "state": null, "city": null, "pin_code": null, "latitude": null, "longitude": null, "location": null, "created_at": "2023-05-06T19:24:46.260Z", "modified_at": "2023-05-16T17:20:18.698Z"}}, {"model": "accounts.userprofile", "pk": 24, "fields": {"user": 24, "profile_picture": "users/profile_pictures/SisProfile.jpeg", "cover_photo": "users/cover_photos/SisCov.png", "address": "Sisters Cafe, Carrer de Girona, , ", "country": "", "state": "Tarragona", "city": "Salou", "pin_code": "43840", "latitude": "41.075539", "longitude": "1.1402031", "location": "SRID=4326;POINT (1.1402031 41.075539)", "created_at": "2023-05-08T16:38:06.832Z", "modified_at": "2023-05-28T17:29:28.161Z"}}, {"model": "accounts.userprofile", "pk": 30, "fields": {"user": 30, "profile_picture": "users/profile_pictures/SupRusProf.png", "cover_photo": "users/cover_photos/SupRusCov.png", "address": "Super Rssia, Via Roma, , ", "country": "", "state": "Tarragona", "city": "Salou", "pin_code": "43840", "latitude": "41.0792527", "longitude": "1.132933", "location": "SRID=4326;POINT (1.132933 41.0792527)", "created_at": "2023-05-11T12:42:28.961Z", "modified_at": "2023-05-29T13:20:52.050Z"}}, {"model": "accounts.userprofile", "pk": 32, "fields": {"user": 32, "profile_picture": "users/profile_pictures/miminoProfile.jpeg", "cover_photo": "users/cover_photos/miminoCover.png", "address": "Mimino Restaurant, Carrer del Peneds, , ", "country": "", "state": "Tarragona", "city": "Salou", "pin_code": "43840", "latitude": "41.0691773", "longitude": "1.1523889", "location": "SRID=4326;POINT (1.1523889 41.0691773)", "created_at": "2023-05-13T09:52:26.027Z", "modified_at": "2023-05-29T10:30:27.684Z"}}, {"model": "accounts.userprofile", "pk": 33, "fields": {"user": 33, "profile_picture": "users/profile_pictures/ApetitProf.jpeg", "cover_photo": "users/cover_photos/ApetitCover.jpeg", "address": "Apetit Tienda Rusa - Rumana /    , Passeig de Sant Joan Baptista de la Salle, Apetit, ", "country": "", "state": "Tarragona", "city": "Apetit", "pin_code": "43850", "latitude": "41.0726249", "longitude": "1.0549765", "location": "SRID=4326;POINT (1.0549765 41.0726249)", "created_at": "2023-05-13T10:05:02.728Z", "modified_at": "2023-05-29T13:10:26.772Z"}}, {"model": "accounts.userprofile", "pk": 34, "fields": {"user": 34, "profile_picture": "users/profile_pictures/avatar-01.jpeg", "cover_photo": "users/cover_photos/cover-photo-4.PNG", "address": "Theatre Town, Carrer de Barcelona, , ", "country": "", "state": "Tarragona", "city": "Salou", "pin_code": "43840", "latitude": "41.0793294", "longitude": "1.1309505", "location": "SRID=4326;POINT (1.1309505 41.0793294)", "created_at": "2023-05-16T17:21:18.915Z", "modified_at": "2023-05-25T11:24:37.292Z"}}, {"model": "accounts.userprofile", "pk": 64, "fields": {"user": 66, "profile_picture": "", "cover_photo": "", "address": null, "country": null, "state": null, "city": null, "pin_code": null, "latitude": null, "longitude": null, "location": null, "created_at": "2023-05-30T11:37:39.370Z", "modified_at": "2023-05-30T11:37:57.877Z"}}, {"model": "catalog.category", "pk": 14, "fields": {"vendor": 9, "category_name": "Drinks", "slug": "drinks", "description": "Some Drinks description", "created_at": "2023-05-13T09:45:55.759Z", "updated_at": "2023-05-13T09:45:55.759Z"}}, {"model": "catalog.category", "pk": 15, "fields": {"vendor": 9, "category_name": "Sweets and candies", "slug": "sweets-and-candies", "description": "", "created_at": "2023-05-13T09:47:57.627Z", "updated_at": "2023-05-13T09:47:57.627Z"}}, {"model": "catalog.category", "pk": 16, "fields": {"vendor": 9, "category_name": "Frozen foods", "slug": "frozen-foods", "description": "", "created_at": "2023-05-13T09:50:13.879Z", "updated_at": "2023-05-13T09:50:13.879Z"}}, {"model": "catalog.category", "pk": 23, "fields": {"vendor": 6, "category_name": "Soups", "slug": "soups-23", "description": "", "created_at": "2023-05-13T10:17:12.449Z", "updated_at": "2023-05-13T10:17:12.450Z"}}, {"model": "catalog.category", "pk": 35, "fields": {"vendor": 9, "category_name": "Groats", "slug": "groats-35", "description": "", "created_at": "2023-05-28T16:18:08.799Z", "updated_at": "2023-05-28T16:18:08.799Z"}}, {"model": "catalog.category", "pk": 36, "fields": {"vendor": 6, "category_name": "Hot dishes", "slug": "hot-dishes-36", "description": "", "created_at": "2023-05-29T10:18:47.554Z", "updated_at": "2023-05-29T10:18:47.554Z"}}, {"model": "catalog.category", "pk": 37, "fields": {"vendor": 6, "category_name": "Dessert", "slug": "dessert-37", "description": "", "created_at": "2023-05-29T10:22:59.551Z", "updated_at": "2023-05-29T10:22:59.551Z"}}, {"model": "catalog.category", "pk": 38, "fields": {"vendor": 11, "category_name": "Soups", "slug": "soups-38", "description": "", "created_at": "2023-05-29T10:38:10.674Z", "updated_at": "2023-05-29T10:38:10.674Z"}}, {"model": "catalog.category", "pk": 39, "fields": {"vendor": 11, "category_name": "Salads", "slug": "salads-39", "description": "", "created_at": "2023-05-29T10:43:17.758Z", "updated_at": "2023-05-29T10:43:17.758Z"}}, {"model": "catalog.category", "pk": 40, "fields": {"vendor": 11, "category_name": "Specialties with bread", "slug": "specialties-with-bread-40", "description": "", "created_at": "2023-05-29T10:45:21.285Z", "updated_at": "2023-05-29T10:45:21.285Z"}}, {"model": "catalog.category", "pk": 41, "fields": {"vendor": 12, "category_name": "Drinks", "slug": "drinks-41", "description": "", "created_at": "2023-05-29T13:10:45.537Z", "updated_at": "2023-05-29T13:10:45.537Z"}}, {"model": "catalog.category", "pk": 42, "fields": {"vendor": 12, "category_name": "Crackers", "slug": "crackers-42", "description": "", "created_at": "2023-05-29T13:14:56.178Z", "updated_at": "2023-05-29T13:14:56.178Z"}}, {"model": "catalog.category", "pk": 43, "fields": {"vendor": 12, "category_name": "Fish", "slug": "fish-43", "description": "", "created_at": "2023-05-29T13:17:28.192Z", "updated_at": "2023-05-29T13:17:28.192Z"}}, {"model": "catalog.category", "pk": 44, "fields": {"vendor": 12, "category_name": "Sausages", "slug": "sausages-44", "description": "", "created_at": "2023-05-29T13:19:08.293Z", "updated_at": "2023-05-29T13:19:08.293Z"}}, {"model": "catalog.category", "pk": 45, "fields": {"vendor": 9, "category_name": "Sausages", "slug": "sausages-45", "description": "", "created_at": "2023-05-29T13:21:09.811Z", "updated_at": "2023-05-29T13:21:09.811Z"}}, {"model": "catalog.fooditem", "pk": 46, "fields": {"vendor": 9, "category": 16, "food_title": "Siberian Dumplings", "slug": "siberian-dumplings-46", "description": "Pelmeni - Siberian, with minced pork, 900 g.", "price": "4.80", "image": "food_images/dumplings.png", "is_available": true, "created_at": "2023-05-28T15:16:44.177Z", "updated_at": "2023-05-28T15:16:44.189Z"}}, {"model": "catalog.fooditem", "pk": 47, "fields": {"vendor": 9, "category": 16, "food_title": "Potato dumplings", "slug": "potato-dumplings-47", "description": "The classic recipe for dumplings: tender potatoes and thin dough. Family packaging format - 800 grams.", "price": "3.75", "image": "food_images/potato-dumplings.png", "is_available": true, "created_at": "2023-05-28T15:21:18.784Z", "updated_at": "2023-05-28T15:21:18.789Z"}}, {"model": "catalog.fooditem", "pk": 48, "fields": {"vendor": 9, "category": 15, "food_title": "\"hamomile\" candies", "slug": "hamomile-candies-48", "description": "Chocolate candies \"Romashka\", 1kg", "price": "12.50", "image": "food_images/romashka.png", "is_available": true, "created_at": "2023-05-28T15:25:37.472Z", "updated_at": "2023-05-28T15:25:37.478Z"}}, {"model": "catalog.fooditem", "pk": 49, "fields": {"vendor": 9, "category": 14, "food_title": "\"Duchesse\" Lemonade", "slug": "duchesse-lemonade-49", "description": "Duchess drink is a classic dessert drink made from an infusion of the eponymous pear variety with juicy and sweet pulp according to a classic recipe.\r\n\r\nUsing only the best ingredients, natural pear flavors, the purest artesian water and natural sugar, the highest quality is ensured and a bright taste and unique aroma are imparted.", "price": "1.15", "image": "food_images/dushes.png", "is_available": true, "created_at": "2023-05-28T16:09:21.430Z", "updated_at": "2023-05-28T16:09:21.435Z"}}, {"model": "catalog.fooditem", "pk": 50, "fields": {"vendor": 9, "category": 14, "food_title": "\" Baltika 7\" Beer", "slug": "baltika-no7-beer", "description": "Baltika No. 7 Export is a light filtered beer, a classic European lager with a mild and rich taste. The product leads the premium beer segment from the Baltika brewery. This drink appeared in 1994, and its release was dedicated to the beginning of the Goodwill Games held in St. Petersburg. Beer belongs to the \"export\" category, as it is supplied to more than 40 countries of the world. More: https://winestyle.ru", "price": "1.75", "image": "food_images/baltika7.png", "is_available": true, "created_at": "2023-05-28T16:12:07.204Z", "updated_at": "2023-05-28T16:14:21.547Z"}}, {"model": "catalog.fooditem", "pk": 51, "fields": {"vendor": 9, "category": 15, "food_title": "\"Break\" candies", "slug": "break-candies-51", "description": "Original waffle sweets with milk caramel and cream filling, sprinkled with peanuts and puffed rice, covered with milk chocolate icing. 1kg.", "price": "13.50", "image": "food_images/otlomi.png", "is_available": true, "created_at": "2023-05-28T16:17:22.497Z", "updated_at": "2023-05-28T16:17:22.504Z"}}, {"model": "catalog.fooditem", "pk": 52, "fields": {"vendor": 9, "category": 35, "food_title": "\"Uvelka\" buckwheat", "slug": "uvelka-buckwheat-52", "description": "", "price": "3.85", "image": "food_images/uvelka.png", "is_available": true, "created_at": "2023-05-28T16:21:30.164Z", "updated_at": "2023-05-28T16:21:30.171Z"}}, {"model": "catalog.fooditem", "pk": 53, "fields": {"vendor": 9, "category": 15, "food_title": "Condensed milk", "slug": "condensed-milk-53", "description": "Condensed milk \"Rogachev\"", "price": "3.50", "image": "food_images/rogachev.png", "is_available": true, "created_at": "2023-05-28T16:38:10.394Z", "updated_at": "2023-05-28T16:38:10.400Z"}}, {"model": "catalog.fooditem", "pk": 54, "fields": {"vendor": 6, "category": 23, "food_title": "Chicken Soup", "slug": "chicken-soup-54", "description": "Chicken noodle soup", "price": "5.50", "image": "food_images/chickenSoup.jpeg", "is_available": true, "created_at": "2023-05-29T10:12:10.314Z", "updated_at": "2023-05-29T10:12:10.320Z"}}, {"model": "catalog.fooditem", "pk": 55, "fields": {"vendor": 6, "category": 23, "food_title": "Borsch with meat", "slug": "borsch-with-meat-55", "description": "beetroot soup with beef and croutons", "price": "6.80", "image": "food_images/Borch.png", "is_available": true, "created_at": "2023-05-29T10:16:19.847Z", "updated_at": "2023-05-29T10:16:19.852Z"}}, {"model": "catalog.fooditem", "pk": 56, "fields": {"vendor": 6, "category": 36, "food_title": "At home", "slug": "at-home-56", "description": "Chicken cutlets with mashed potatoes", "price": "6.50", "image": "food_images/PureChicken.jpeg", "is_available": true, "created_at": "2023-05-29T10:20:17.911Z", "updated_at": "2023-05-29T10:20:17.916Z"}}, {"model": "catalog.fooditem", "pk": 57, "fields": {"vendor": 6, "category": 36, "food_title": "Pancakes with meat", "slug": "pancakes-with-meat-57", "description": "Pancakes with boiled beef meat", "price": "4.00", "image": "food_images/MeatBliny.jpeg", "is_available": true, "created_at": "2023-05-29T10:22:24.647Z", "updated_at": "2023-05-29T10:22:24.652Z"}}, {"model": "catalog.fooditem", "pk": 58, "fields": {"vendor": 6, "category": 37, "food_title": "Pancakes with condensed milk", "slug": "pancakes-with-condensed-milk-58", "description": "Sweet pancakes with condensed milk", "price": "3.65", "image": "food_images/sgusch.jpeg", "is_available": true, "created_at": "2023-05-29T10:24:45.711Z", "updated_at": "2023-05-29T10:24:45.716Z"}}, {"model": "catalog.fooditem", "pk": 59, "fields": {"vendor": 6, "category": 37, "food_title": "Honey cake", "slug": "honey-cake-59", "description": "Honey cake", "price": "1.50", "image": "food_images/medovik.png", "is_available": true, "created_at": "2023-05-29T10:26:07.891Z", "updated_at": "2023-05-29T10:26:07.896Z"}}, {"model": "catalog.fooditem", "pk": 60, "fields": {"vendor": 11, "category": 38, "food_title": "Okroshka", "slug": "okroshka-60", "description": "Radish, cucumber, egg, potato, dill and Greek yogurt", "price": "7.90", "image": "food_images/Okroshka.jpeg", "is_available": true, "created_at": "2023-05-29T10:40:36.889Z", "updated_at": "2023-05-29T10:40:36.896Z"}}, {"model": "catalog.fooditem", "pk": 61, "fields": {"vendor": 11, "category": 38, "food_title": "Kharcho", "slug": "kharcho-61", "description": "Georgian traditional beef, rice and spice soup", "price": "8.90", "image": "food_images/kharcho.png", "is_available": true, "created_at": "2023-05-29T10:42:22.807Z", "updated_at": "2023-05-29T10:42:22.812Z"}}, {"model": "catalog.fooditem", "pk": 62, "fields": {"vendor": 11, "category": 39, "food_title": "Salad Mimino", "slug": "salad-mimino-62", "description": "Beef, mushrooms, beans, lettuce, cucumber, walnuts and sauce", "price": "10.80", "image": "food_images/saladmimino.jpeg", "is_available": true, "created_at": "2023-05-29T10:44:35.741Z", "updated_at": "2023-05-29T10:44:35.746Z"}}, {"model": "catalog.fooditem", "pk": 63, "fields": {"vendor": 11, "category": 40, "food_title": "Pilmeni with broth", "slug": "pilmeni-with-broth-63", "description": "Pilmeni, cheese, Greek yogurt, garlic and dill", "price": "11.50", "image": "food_images/Pelmeni-Soup-Recipe-11.png", "is_available": true, "created_at": "2023-05-29T10:47:39.037Z", "updated_at": "2023-05-29T10:47:39.042Z"}}, {"model": "catalog.fooditem", "pk": 64, "fields": {"vendor": 11, "category": 40, "food_title": "KHINKALI", "slug": "khinkali-64", "description": "Empanadas with beef and pork", "price": "12.90", "image": "food_images/khinkaly.jpeg", "is_available": true, "created_at": "2023-05-29T10:48:52.971Z", "updated_at": "2023-05-29T10:48:52.975Z"}}, {"model": "catalog.fooditem", "pk": 65, "fields": {"vendor": 11, "category": 40, "food_title": "Khachapuri Adcharuli", "slug": "khachapuri-adcharuli-65", "description": "Baked bread in the shape of a boat stuffed with egg and cheese", "price": "13.90", "image": "food_images/adjarski.jpeg", "is_available": true, "created_at": "2023-05-29T10:50:09.977Z", "updated_at": "2023-05-29T10:50:38.153Z"}}, {"model": "catalog.fooditem", "pk": 66, "fields": {"vendor": 11, "category": 40, "food_title": "Khachapuri Imeruli", "slug": "khachapuri-imeruli-66", "description": "Georgian style cheese filled bread dough", "price": "12.90", "image": "food_images/imeretin.jpg", "is_available": true, "created_at": "2023-05-29T10:51:59.455Z", "updated_at": "2023-05-29T10:51:59.461Z"}}, {"model": "catalog.fooditem", "pk": 67, "fields": {"vendor": 12, "category": 41, "food_title": "Vodka \"Absolut\"", "slug": "vodka-absolut-67", "description": "1L.", "price": "19.70", "image": "food_images/absolut.jpeg", "is_available": true, "created_at": "2023-05-29T13:14:07.984Z", "updated_at": "2023-05-29T13:14:07.990Z"}}, {"model": "catalog.fooditem", "pk": 68, "fields": {"vendor": 12, "category": 42, "food_title": "Crackers \"Kirieshki\"", "slug": "crackers-kirieshki-68", "description": "", "price": "1.20", "image": "food_images/kirieshki.png", "is_available": true, "created_at": "2023-05-29T13:15:54.620Z", "updated_at": "2023-05-29T13:15:54.625Z"}}, {"model": "catalog.fooditem", "pk": 69, "fields": {"vendor": 12, "category": 41, "food_title": "Lemonade \"Buratino\"", "slug": "lemonade-buratino-69", "description": "", "price": "1.25", "image": "food_images/buratino.png", "is_available": true, "created_at": "2023-05-29T13:17:16.353Z", "updated_at": "2023-05-29T13:17:16.364Z"}}, {"model": "catalog.fooditem", "pk": 70, "fields": {"vendor": 12, "category": 43, "food_title": "Herring", "slug": "herring-70", "description": "tender herring fillet", "price": "4.25", "image": "food_images/seledka.png", "is_available": true, "created_at": "2023-05-29T13:18:47.548Z", "updated_at": "2023-05-29T13:18:47.553Z"}}, {"model": "catalog.fooditem", "pk": 71, "fields": {"vendor": 12, "category": 44, "food_title": "Sausage doc \"Dad can\"", "slug": "sausage-doc-dad-can-71", "description": "1kg.", "price": "5.50", "image": "food_images/doktrskaya.png", "is_available": true, "created_at": "2023-05-29T13:20:39.488Z", "updated_at": "2023-05-29T13:20:39.493Z"}}, {"model": "catalog.fooditem", "pk": 72, "fields": {"vendor": 9, "category": 45, "food_title": "Sausage \"Siberian Sausages\"", "slug": "sausage-siberian-sausages-72", "description": "smoked turkey sausage 1kg.", "price": "4.80", "image": "food_images/sibkolb.png", "is_available": true, "created_at": "2023-05-29T13:23:11.371Z", "updated_at": "2023-05-29T13:23:11.377Z"}}, {"model": "marketplace.tax", "pk": 1, "fields": {"tax_type": "VAT", "tax_percentage": "10.00", "is_active": true}}, {"model": "vendor.vendor", "pk": 6, "fields": {"user": 24, "user_profile": 24, "vendor_name": "Sisters Cafe", "vendor_slug": "sisters-cafe", "vendor_license": "vendor/license/licenziya-na-alkogol-2.jpg", "is_approved": true, "created_at": "2023-05-08T16:38:06.952Z", "modified_at": "2023-05-28T17:29:05.562Z"}}, {"model": "vendor.vendor", "pk": 9, "fields": {"user": 30, "user_profile": 30, "vendor_name": "Super Russia", "vendor_slug": "superrussia", "vendor_license": "vendor/license/licenziya-na-alkogol-2_u4jYIjn.jpg", "is_approved": true, "created_at": "2023-05-11T12:42:28.974Z", "modified_at": "2023-05-28T10:25:36.710Z"}}, {"model": "vendor.vendor", "pk": 11, "fields": {"user": 32, "user_profile": 32, "vendor_name": "Mimino", "vendor_slug": "mimino-32", "vendor_license": "vendor/license/licenziya-na-alkogol-2_xecRwDK.jpg", "is_approved": true, "created_at": "2023-05-13T09:52:26.041Z", "modified_at": "2023-05-29T10:30:27.690Z"}}, {"model": "vendor.vendor", "pk": 12, "fields": {"user": 33, "user_profile": 33, "vendor_name": "Apetit Tienda Rusa", "vendor_slug": "apetit-tienda-rusa-33", "vendor_license": "vendor/license/licenziya-na-alkogol-2_IaaOQx1.jpg", "is_approved": true, "created_at": "2023-05-13T10:05:02.734Z", "modified_at": "2023-05-29T13:10:26.779Z"}}, {"model": "vendor.openinghour", "pk": 27, "fields": {"vendor": 9, "day": 4, "from_hour": "10:00 AM", "to_hour": "10:00 PM", "is_closed": false}}, {"model": "vendor.openinghour", "pk": 28, "fields": {"vendor": 9, "day": 5, "from_hour": "10:00 AM", "to_hour": "10:00 PM", "is_closed": false}}, {"model": "vendor.openinghour", "pk": 29, "fields": {"vendor": 9, "day": 6, "from_hour": "10:00 AM", "to_hour": "10:00 PM", "is_closed": false}}, {"model": "vendor.openinghour", "pk": 38, "fields": {"vendor": 12, "day": 1, "from_hour": "08:30 AM", "to_hour": "09:00 PM", "is_closed": false}}, {"model": "vendor.openinghour", "pk": 39, "fields": {"vendor": 12, "day": 2, "from_hour": "08:30 AM", "to_hour": "09:00 PM", "is_closed": false}}, {"model": "vendor.openinghour", "pk": 40, "fields": {"vendor": 12, "day": 3, "from_hour": "08:30 AM", "to_hour": "09:00 PM", "is_closed": false}}, {"model": "vendor.openinghour", "pk": 41, "fields": {"vendor": 12, "day": 4, "from_hour": "08:30 AM", "to_hour": "09:00 PM", "is_closed": false}}, {"model": "vendor.openinghour", "pk": 42, "fields": {"vendor": 12, "day": 5, "from_hour": "08:30 AM", "to_hour": "09:00 PM", "is_closed": false}}, {"model": "vendor.openinghour", "pk": 43, "fields": {"vendor": 12, "day": 6, "from_hour": "08:30 AM", "to_hour": "09:00 PM", "is_closed": false}}, {"model": "vendor.openinghour", "pk": 48, "fields": {"vendor": 9, "day": 7, "from_hour": "10:00 AM", "to_hour": "10:00 PM", "is_closed": false}}, {"model": "vendor.openinghour", "pk": 61, "fields": {"vendor": 9, "day": 3, "from_hour": "10:00 AM", "to_hour": "10:00 PM", "is_closed": false}}, {"model": "vendor.openinghour", "pk": 65, "fields": {"vendor": 9, "day": 1, "from_hour": "10:00 AM", "to_hour": "10:00 PM", "is_closed": false}}, {"model": "vendor.openinghour", "pk": 66, "fields": {"vendor": 9, "day": 2, "from_hour": "10:00 AM", "to_hour": "10:00 PM", "is_closed": false}}, {"model": "vendor.openinghour", "pk": 68, "fields": {"vendor": 6, "day": 1, "from_hour": "01:00 PM", "to_hour": "05:00 PM", "is_closed": false}}, {"model": "vendor.openinghour", "pk": 69, "fields": {"vendor": 6, "day": 1, "from_hour": "07:00 PM", "to_hour": "11:30 PM", "is_closed": false}}, {"model": "vendor.openinghour", "pk": 70, "fields": {"vendor": 6, "day": 2, "from_hour": "12:00 AM", "to_hour": "", "is_closed": true}}, {"model": "vendor.openinghour", "pk": 71, "fields": {"vendor": 6, "day": 3, "from_hour": "01:00 PM", "to_hour": "05:00 PM", "is_closed": false}}, {"model": "vendor.openinghour", "pk": 72, "fields": {"vendor": 6, "day": 3, "from_hour": "07:00 PM", "to_hour": "11:30 PM", "is_closed": false}}, {"model": "vendor.openinghour", "pk": 73, "fields": {"vendor": 6, "day": 4, "from_hour": "01:00 PM", "to_hour": "05:00 PM", "is_closed": false}}, {"model": "vendor.openinghour", "pk": 74, "fields": {"vendor": 6, "day": 4, "from_hour": "07:00 PM", "to_hour": "11:30 PM", "is_closed": false}}, {"model": "vendor.openinghour", "pk": 75, "fields": {"vendor": 6, "day": 5, "from_hour": "01:00 PM", "to_hour": "05:00 PM", "is_closed": false}}, {"model": "vendor.openinghour", "pk": 76, "fields": {"vendor": 6, "day": 5, "from_hour": "07:00 PM", "to_hour": "11:30 PM", "is_closed": false}}, {"model": "vendor.openinghour", "pk": 77, "fields": {"vendor": 6, "day": 6, "from_hour": "01:00 PM", "to_hour": "05:00 PM", "is_closed": false}}, {"model": "vendor.openinghour", "pk": 78, "fields": {"vendor": 6, "day": 6, "from_hour": "07:00 PM", "to_hour": "11:30 PM", "is_closed": false}}, {"model": "vendor.openinghour", "pk": 80, "fields": {"vendor": 6, "day": 7, "from_hour": "01:00 PM", "to_hour": "05:00 PM", "is_closed": false}}, {"model": "vendor.openinghour", "pk": 81, "fields": {"vendor": 11, "day": 1, "from_hour": "01:30 PM", "to_hour": "04:30 PM", "is_closed": false}}, {"model": "vendor.openinghour", "pk": 82, "fields": {"vendor": 11, "day": 1, "from_hour": "07:30 PM", "to_hour": "11:30 PM", "is_closed": false}}, {"model": "vendor.openinghour", "pk": 83, "fields": {"vendor": 11, "day": 2, "from_hour": "01:30 PM", "to_hour": "04:30 PM", "is_closed": false}}, {"model": "vendor.openinghour", "pk": 84, "fields": {"vendor": 11, "day": 2, "from_hour": "07:30 PM", "to_hour": "11:30 PM", "is_closed": false}}, {"model": "vendor.openinghour", "pk": 85, "fields": {"vendor": 11, "day": 3, "from_hour": "12:00 AM", "to_hour": "", "is_closed": true}}, {"model": "vendor.openinghour", "pk": 86, "fields": {"vendor": 11, "day": 4, "from_hour": "01:30 PM", "to_hour": "04:30 PM", "is_closed": false}}, {"model": "vendor.openinghour", "pk": 87, "fields": {"vendor": 11, "day": 4, "from_hour": "07:30 PM", "to_hour": "11:30 PM", "is_closed": false}}, {"model": "vendor.openinghour", "pk": 88, "fields": {"vendor": 11, "day": 5, "from_hour": "01:30 PM", "to_hour": "04:30 PM", "is_closed": false}}, {"model": "vendor.openinghour", "pk": 89, "fields": {"vendor": 11, "day": 5, "from_hour": "07:30 PM", "to_hour": "11:30 PM", "is_closed": false}}, {"model": "vendor.openinghour", "pk": 90, "fields": {"vendor": 11, "day": 6, "from_hour": "01:00 PM", "to_hour": "12:00 AM", "is_closed": false}}, {"model": "vendor.openinghour", "pk": 91, "fields": {"vendor": 11, "day": 7, "from_hour": "01:00 PM", "to_hour": "11:30 PM", "is_closed": false}}, {"model": "vendor.openinghour", "pk": 92, "fields": {"vendor": 12, "day": 7, "from_hour": "09:00 AM", "to_hour": "08:00 PM", "is_closed": false}}, {"model": "orders.payment", "pk": 1, "fields": {"user": 34, "transaction_id": "5YN33717U9272760H", "payment_method": "PayPal", "amount": "73.96", "status": "COMPLETED", "created_at": "2023-05-17T14:18:10.904Z"}}, {"model": "orders.payment", "pk": 2, "fields": {"user": 34, "transaction_id": "5CD21485SE4034047", "payment_method": "PayPal", "amount": "73.96", "status": "COMPLETED", "created_at": "2023-05-17T19:28:11.271Z"}}, {"model": "orders.payment", "pk": 3, "fields": {"user": 34, "transaction_id": "2RC78798YA617004R", "payment_method": "PayPal", "amount": "44.26", "status": "COMPLETED", "created_at": "2023-05-17T20:08:35.992Z"}}, {"model": "orders.payment", "pk": 4, "fields": {"user": 34, "transaction_id": "9HJ90740KH825343W", "payment_method": "PayPal", "amount": "137.5", "status": "COMPLETED", "created_at": "2023-05-17T20:16:50.762Z"}}, {"model": "orders.payment", "pk": 5, "fields": {"user": 34, "transaction_id": "99100945TT659705L", "payment_method": "PayPal", "amount": "137.5", "status": "COMPLETED", "created_at": "2023-05-19T09:31:38.173Z"}}, {"model": "orders.payment", "pk": 6, "fields": {"user": 34, "transaction_id": "70T36228E6220494N", "payment_method": "PayPal", "amount": "157.3", "status": "COMPLETED", "created_at": "2023-05-19T10:14:37.769Z"}}, {"model": "orders.payment", "pk": 7, "fields": {"user": 34, "transaction_id": "7X694959VJ146733C", "payment_method": "PayPal", "amount": "168.56", "status": "COMPLETED", "created_at": "2023-05-19T11:26:44.198Z"}}, {"model": "orders.payment", "pk": 8, "fields": {"user": 34, "transaction_id": "7T040547B9376444V", "payment_method": "PayPal", "amount": "168.56", "status": "COMPLETED", "created_at": "2023-05-20T10:04:10.312Z"}}, {"model": "orders.payment", "pk": 9, "fields": {"user": 34, "transaction_id": "57771705FJ789880T", "payment_method": "PayPal", "amount": "168.56", "status": "COMPLETED", "created_at": "2023-05-20T10:25:58.104Z"}}, {"model": "orders.payment", "pk": 10, "fields": {"user": 34, "transaction_id": "08Y20196TE206990E", "payment_method": "PayPal", "amount": "85.8", "status": "COMPLETED", "created_at": "2023-05-24T10:30:44.308Z"}}, {"model": "orders.payment", "pk": 11, "fields": {"user": 30, "transaction_id": "71W47967AB913104F", "payment_method": "PayPal", "amount": "59.35", "status": "COMPLETED", "created_at": "2023-05-29T13:25:10.121Z"}}, {"model": "orders.payment", "pk": 12, "fields": {"user": 30, "transaction_id": "1PA85314VP581473F", "payment_method": "PayPal", "amount": "59.35", "status": "COMPLETED", "created_at": "2023-05-29T13:27:35.808Z"}}, {"model": "orders.order", "pk": 25, "fields": {"user": 34, "payment": 1, "order_number": "1234567890", "first_name": "afdcwfcwef", "last_name": "wfvwdfcwefdc", "phone": "999999999", "email": "example@example.com", "address": "asdcwcwcwc", "country": "acwdcqac", "state": "wcwfcwf2geb", "city": "svwfvcwrfvw", "pin_code": "000333", "total": 100.0, "tax_data": null, "total_data": null, "total_tax": 20.0, "payment_method": "PayPal", "status": "New", "is_ordered": true, "created_at": "2023-05-19T08:42:11.314Z", "updated_at": "2023-05-19T08:42:11.314Z", "vendors": [9, 11, 6]}}, {"model": "orders.order", "pk": 26, "fields": {"user": 34, "payment": 2, "order_number": "0987654321", "first_name": "First", "last_name": "Last", "phone": "7777777777", "email": "email@email.com", "address": "Address", "country": "Country", "state": "State", "city": "City", "pin_code": "012345", "total": 444.0, "tax_data": null, "total_data": null, "total_tax": 25.0, "payment_method": "PayPal", "status": "New", "is_ordered": true, "created_at": "2023-05-19T08:44:16.530Z", "updated_at": "2023-05-19T08:44:16.530Z", "vendors": [9, 12, 6]}}, {"model": "orders.order", "pk": 27, "fields": {"user": 34, "payment": 3, "order_number": "1234509876", "first_name": "wjbvjbnjsv", "last_name": "b edfbv e", "phone": "000000000", "email": "vdsvwr@mail.com", "address": "afcwv wv", "country": "vsdvwdv", "state": "svwdsvw", "city": "svwdsvws", "pin_code": "654321", "total": 111.0, "tax_data": null, "total_data": null, "total_tax": 11.0, "payment_method": "PayPal", "status": "New", "is_ordered": true, "created_at": "2023-05-19T08:45:49.365Z", "updated_at": "2023-05-19T08:45:49.365Z", "vendors": [11, 12, 6]}}, {"model": "orders.order", "pk": 28, "fields": {"user": 34, "payment": 5, "order_number": "2023051909310828", "first_name": "Maxim", "last_name": "Shikhovtsov", "phone": "+79279990001", "email": "maks.shihowtsow@gmail.com", "address": "Theatre Town, Carrer de Barcelona, , ", "country": "", "state": "Tarragona", "city": "Salou", "pin_code": "43840", "total": 137.5, "tax_data": "{\"VAT\": {\"10.00\": 12.50}}", "total_data": null, "total_tax": 12.5, "payment_method": "PayPal", "status": "New", "is_ordered": true, "created_at": "2023-05-19T09:31:08.990Z", "updated_at": "2023-05-19T09:31:38.176Z", "vendors": [11, 12, 6]}}, {"model": "orders.order", "pk": 29, "fields": {"user": 34, "payment": 6, "order_number": "2023051910141829", "first_name": "Maxim", "last_name": "Shikhovtsov", "phone": "+79279990001", "email": "maks.shihowtsow@gmail.com", "address": "Theatre Town, Carrer de Barcelona, , ", "country": "", "state": "Tarragona", "city": "Salou", "pin_code": "43840", "total": 157.3, "tax_data": "{\"VAT\": {\"10.00\": 14.30}}", "total_data": "{\"11\": {\"32.00\": \"{'VAT': {'10.00': '3.20'}}\"}, \"6\": {\"47.00\": \"{'VAT': {'10.00': '4.70'}}\"}, \"12\": {\"46.00\": \"{'VAT': {'10.00': '4.60'}}\"}, \"9\": {\"18.00\": \"{'VAT': {'10.00': '1.80'}}\"}}", "total_tax": 14.3, "payment_method": "PayPal", "status": "New", "is_ordered": true, "created_at": "2023-05-19T10:14:18.015Z", "updated_at": "2023-05-19T10:14:37.770Z", "vendors": [9, 6, 11, 12]}}, {"model": "orders.order", "pk": 30, "fields": {"user": 34, "payment": 7, "order_number": "2023051911253330", "first_name": "Maxim", "last_name": "Shikhovtsov", "phone": "+79279990001", "email": "maks.shihowtsow@gmail.com", "address": "Theatre Town, Carrer de Barcelona, , ", "country": "", "state": "Tarragona", "city": "Salou", "pin_code": "43840", "total": 168.56, "tax_data": "{\"VAT\": {\"10.00\": 15.32}}", "total_data": "{\"11\": {\"32.00\": \"{'VAT': {'10.00': '3.20'}}\"}, \"6\": {\"49.24\": \"{'VAT': {'10.00': '4.92'}}\"}, \"12\": {\"69.00\": \"{'VAT': {'10.00': '6.90'}}\"}, \"9\": {\"3.00\": \"{'VAT': {'10.00': '0.30'}}\"}}", "total_tax": 15.32, "payment_method": "PayPal", "status": "New", "is_ordered": true, "created_at": "2023-05-19T11:25:33.895Z", "updated_at": "2023-05-19T11:26:44.199Z", "vendors": [9, 6, 11, 12]}}, {"model": "orders.order", "pk": 31, "fields": {"user": 34, "payment": 8, "order_number": "2023052010034631", "first_name": "Maxim", "last_name": "Shikhovtsov", "phone": "+79279990001", "email": "maks.shihowtsow@gmail.com", "address": "Theatre Town, Carrer de Barcelona, , ", "country": "", "state": "Tarragona", "city": "Salou", "pin_code": "43840", "total": 168.56, "tax_data": "{\"VAT\": {\"10.00\": 15.32}}", "total_data": "{\"11\": {\"32.00\": \"{'VAT': {'10.00': '3.20'}}\"}, \"6\": {\"49.24\": \"{'VAT': {'10.00': '4.92'}}\"}, \"12\": {\"69.00\": \"{'VAT': {'10.00': '6.90'}}\"}, \"9\": {\"3.00\": \"{'VAT': {'10.00': '0.30'}}\"}}", "total_tax": 15.32, "payment_method": "PayPal", "status": "New", "is_ordered": true, "created_at": "2023-05-20T10:03:46.189Z", "updated_at": "2023-05-20T10:04:10.313Z", "vendors": [9, 6, 11, 12]}}, {"model": "orders.order", "pk": 32, "fields": {"user": 34, "payment": 9, "order_number": "2023052010253532", "first_name": "Maxim", "last_name": "Shikhovtsov", "phone": "+79279990001", "email": "maks.shihowtsow@gmail.com", "address": "Theatre Town, Carrer de Barcelona, , ", "country": "", "state": "Tarragona", "city": "Salou", "pin_code": "43840", "total": 168.56, "tax_data": "{\"VAT\": {\"10.00\": 15.32}}", "total_data": "{\"11\": {\"32.00\": \"{'VAT': {'10.00': '3.20'}}\"}, \"6\": {\"49.24\": \"{'VAT': {'10.00': '4.92'}}\"}, \"12\": {\"69.00\": \"{'VAT': {'10.00': '6.90'}}\"}, \"9\": {\"3.00\": \"{'VAT': {'10.00': '0.30'}}\"}}", "total_tax": 15.32, "payment_method": "PayPal", "status": "New", "is_ordered": true, "created_at": "2023-05-20T10:25:35.772Z", "updated_at": "2023-05-20T10:25:58.106Z", "vendors": [9, 6, 11, 12]}}, {"model": "orders.order", "pk": 33, "fields": {"user": 34, "payment": null, "order_number": "2023052013145533", "first_name": "Maxim", "last_name": "Shikhovtsov", "phone": "+79279990001", "email": "maks.shihowtsow@gmail.com", "address": "Theatre Town, Carrer de Barcelona, , ", "country": "", "state": "Tarragona", "city": "Salou", "pin_code": "43840", "total": 192.76, "tax_data": "{\"VAT\": {\"10.00\": 17.52}}", "total_data": "{\"11\": {\"32.00\": \"{'VAT': {'10.00': '3.20'}}\"}, \"6\": {\"49.24\": \"{'VAT': {'10.00': '4.92'}}\"}, \"12\": {\"69.00\": \"{'VAT': {'10.00': '6.90'}}\"}, \"9\": {\"25.00\": \"{'VAT': {'10.00': '2.50'}}\"}}", "total_tax": 17.52, "payment_method": "PayPal", "status": "New", "is_ordered": false, "created_at": "2023-05-20T13:14:55.909Z", "updated_at": "2023-05-20T13:14:55.917Z", "vendors": [9, 6, 11, 12]}}, {"model": "orders.order", "pk": 34, "fields": {"user": 34, "payment": null, "order_number": "2023052013154834", "first_name": "Maxim", "last_name": "Shikhovtsov", "phone": "+79279990001", "email": "maks.shihowtsow@gmail.com", "address": "Theatre Town, Carrer de Barcelona, , ", "country": "", "state": "Tarragona", "city": "Salou", "pin_code": "43840", "total": 192.76, "tax_data": "{\"VAT\": {\"10.00\": 17.52}}", "total_data": "{\"11\": {\"32.00\": \"{'VAT': {'10.00': '3.20'}}\"}, \"6\": {\"49.24\": \"{'VAT': {'10.00': '4.92'}}\"}, \"12\": {\"69.00\": \"{'VAT': {'10.00': '6.90'}}\"}, \"9\": {\"25.00\": \"{'VAT': {'10.00': '2.50'}}\"}}", "total_tax": 17.52, "payment_method": "PayPal", "status": "New", "is_ordered": false, "created_at": "2023-05-20T13:15:48.054Z", "updated_at": "2023-05-20T13:15:48.061Z", "vendors": [9, 6, 11, 12]}}, {"model": "orders.order", "pk": 35, "fields": {"user": 34, "payment": null, "order_number": "2023052316281435", "first_name": "Maxim", "last_name": "Shikhovtsov", "phone": "+79999999999", "email": "maks.shihowtsow@gmail.com", "address": "Theatre Town, Carrer de Barcelona, , ", "country": "", "state": "Tarragona", "city": "Salou", "pin_code": "43840", "total": 85.8, "tax_data": "{\"VAT\": {\"10.00\": 7.80}}", "total_data": "{\"6\": {\"45.00\": \"{'VAT': {'10.00': '4.50'}}\"}, \"9\": {\"33.00\": \"{'VAT': {'10.00': '3.30'}}\"}}", "total_tax": 7.8, "payment_method": "PayPal", "status": "New", "is_ordered": false, "created_at": "2023-05-23T16:28:14.952Z", "updated_at": "2023-05-23T16:28:14.963Z", "vendors": [9, 6]}}, {"model": "orders.order", "pk": 36, "fields": {"user": 34, "payment": null, "order_number": "2023052316291036", "first_name": "Maxim", "last_name": "Shikhovtsov", "phone": "+79999999999", "email": "maks.shihowtsow@gmail.com", "address": "Theatre Town, Carrer de Barcelona, , ", "country": "", "state": "Tarragona", "city": "Salou", "pin_code": "43840", "total": 85.8, "tax_data": "{\"VAT\": {\"10.00\": 7.80}}", "total_data": "{\"6\": {\"45.00\": \"{'VAT': {'10.00': '4.50'}}\"}, \"9\": {\"33.00\": \"{'VAT': {'10.00': '3.30'}}\"}}", "total_tax": 7.8, "payment_method": "PayPal", "status": "New", "is_ordered": false, "created_at": "2023-05-23T16:29:10.673Z", "updated_at": "2023-05-23T16:29:10.679Z", "vendors": [9, 6]}}, {"model": "orders.order", "pk": 39, "fields": {"user": 34, "payment": null, "order_number": "2023052319193739", "first_name": "Maxim", "last_name": "Shikhovtsov", "phone": "+79999999999", "email": "maks.shihowtsow@gmail.com", "address": "Theatre Town, Carrer de Barcelona, , ", "country": "", "state": "Tarragona", "city": "Salou", "pin_code": "43840", "total": 85.8, "tax_data": "{\"VAT\": {\"10.00\": 7.80}}", "total_data": "{\"6\": {\"45.00\": \"{'VAT': {'10.00': '4.50'}}\"}, \"9\": {\"33.00\": \"{'VAT': {'10.00': '3.30'}}\"}}", "total_tax": 7.8, "payment_method": "PayPal", "status": "New", "is_ordered": false, "created_at": "2023-05-23T19:19:37.990Z", "updated_at": "2023-05-23T19:19:38.003Z", "vendors": [9, 6]}}, {"model": "orders.order", "pk": 40, "fields": {"user": 34, "payment": null, "order_number": "2023052410265040", "first_name": "Maxim", "last_name": "Shikhovtsov", "phone": "+79999999999", "email": "maks.shihowtsow@gmail.com", "address": "Theatre Town, Carrer de Barcelona, , ", "country": "", "state": "Tarragona", "city": "Salou", "pin_code": "43840", "total": 85.8, "tax_data": "{\"VAT\": {\"10.00\": 7.80}}", "total_data": "{\"6\": {\"45.00\": \"{'VAT': {'10.00': '4.50'}}\"}, \"9\": {\"33.00\": \"{'VAT': {'10.00': '3.30'}}\"}}", "total_tax": 7.8, "payment_method": "PayPal", "status": "New", "is_ordered": false, "created_at": "2023-05-24T10:26:50.585Z", "updated_at": "2023-05-24T10:26:50.599Z", "vendors": [9, 6]}}, {"model": "orders.order", "pk": 41, "fields": {"user": 34, "payment": null, "order_number": "2023052410284441", "first_name": "Maxim", "last_name": "Shikhovtsov", "phone": "+79999999999", "email": "maks.shihowtsow@gmail.com", "address": "Theatre Town, Carrer de Barcelona, , ", "country": "", "state": "Tarragona", "city": "Salou", "pin_code": "43840", "total": 85.8, "tax_data": "{\"VAT\": {\"10.00\": 7.80}}", "total_data": "{\"6\": {\"45.00\": \"{'VAT': {'10.00': '4.50'}}\"}, \"9\": {\"33.00\": \"{'VAT': {'10.00': '3.30'}}\"}}", "total_tax": 7.8, "payment_method": "PayPal", "status": "New", "is_ordered": false, "created_at": "2023-05-24T10:28:44.281Z", "updated_at": "2023-05-24T10:28:44.288Z", "vendors": [9, 6]}}, {"model": "orders.order", "pk": 42, "fields": {"user": 34, "payment": null, "order_number": "2023052410291142", "first_name": "Maxim", "last_name": "Shikhovtsov", "phone": "+79999999999", "email": "maks.shihowtsow@gmail.com", "address": "Theatre Town, Carrer de Barcelona, , ", "country": "", "state": "Tarragona", "city": "Salou", "pin_code": "43840", "total": 85.8, "tax_data": "{\"VAT\": {\"10.00\": 7.80}}", "total_data": "{\"6\": {\"45.00\": \"{'VAT': {'10.00': '4.50'}}\"}, \"9\": {\"33.00\": \"{'VAT': {'10.00': '3.30'}}\"}}", "total_tax": 7.8, "payment_method": "PayPal", "status": "New", "is_ordered": false, "created_at": "2023-05-24T10:29:11.286Z", "updated_at": "2023-05-24T10:29:11.291Z", "vendors": [9, 6]}}, {"model": "orders.order", "pk": 43, "fields": {"user": 34, "payment": null, "order_number": "2023052410292443", "first_name": "Maxim", "last_name": "Shikhovtsov", "phone": "+79999999999", "email": "maks.shihowtsow@gmail.com", "address": "Theatre Town, Carrer de Barcelona, , ", "country": "", "state": "Tarragona", "city": "Salou", "pin_code": "43840", "total": 85.8, "tax_data": "{\"VAT\": {\"10.00\": 7.80}}", "total_data": "{\"6\": {\"45.00\": \"{'VAT': {'10.00': '4.50'}}\"}, \"9\": {\"33.00\": \"{'VAT': {'10.00': '3.30'}}\"}}", "total_tax": 7.8, "payment_method": "PayPal", "status": "New", "is_ordered": false, "created_at": "2023-05-24T10:29:24.860Z", "updated_at": "2023-05-24T10:29:24.866Z", "vendors": [9, 6]}}, {"model": "orders.order", "pk": 44, "fields": {"user": 34, "payment": null, "order_number": "2023052410293344", "first_name": "Maxim", "last_name": "Shikhovtsov", "phone": "+79999999999", "email": "maks.shihowtsow@gmail.com", "address": "Theatre Town, Carrer de Barcelona, , ", "country": "", "state": "Tarragona", "city": "Salou", "pin_code": "43840", "total": 85.8, "tax_data": "{\"VAT\": {\"10.00\": 7.80}}", "total_data": "{\"6\": {\"45.00\": \"{'VAT': {'10.00': '4.50'}}\"}, \"9\": {\"33.00\": \"{'VAT': {'10.00': '3.30'}}\"}}", "total_tax": 7.8, "payment_method": "PayPal", "status": "New", "is_ordered": false, "created_at": "2023-05-24T10:29:33.642Z", "updated_at": "2023-05-24T10:29:33.648Z", "vendors": [9, 6]}}, {"model": "orders.order", "pk": 45, "fields": {"user": 34, "payment": 10, "order_number": "2023052410300345", "first_name": "Maxim", "last_name": "Shikhovtsov", "phone": "+79999999999", "email": "maks.shihowtsow@gmail.com", "address": "Theatre Town, Carrer de Barcelona, , ", "country": "", "state": "Tarragona", "city": "Salou", "pin_code": "43840", "total": 85.8, "tax_data": "{\"VAT\": {\"10.00\": 7.80}}", "total_data": "{\"6\": {\"45.00\": \"{'VAT': {'10.00': '4.50'}}\"}, \"9\": {\"33.00\": \"{'VAT': {'10.00': '3.30'}}\"}}", "total_tax": 7.8, "payment_method": "PayPal", "status": "New", "is_ordered": true, "created_at": "2023-05-24T10:30:03.658Z", "updated_at": "2023-05-24T10:30:44.311Z", "vendors": [9, 6]}}, {"model": "orders.order", "pk": 46, "fields": {"user": 30, "payment": 11, "order_number": "2023052913240946", "first_name": "Test2", "last_name": "Vendor 2", "phone": "", "email": "shved.dev15@gmail.com", "address": "Super Rssia, Via Roma, , ", "country": "", "state": "Tarragona", "city": "Salou", "pin_code": "43840", "total": 59.35, "tax_data": "{\"VAT\": {\"10.00\": 5.40}}", "total_data": "{\"9\": {\"15.65\": \"{'VAT': {'10.00': '1.56'}}\"}, \"11\": {\"8.90\": \"{'VAT': {'10.00': '0.89'}}\"}, \"12\": {\"22.10\": \"{'VAT': {'10.00': '2.21'}}\"}, \"6\": {\"7.30\": \"{'VAT': {'10.00': '0.73'}}\"}}", "total_tax": 5.4, "payment_method": "PayPal", "status": "New", "is_ordered": true, "created_at": "2023-05-29T13:24:09.697Z", "updated_at": "2023-05-29T13:25:10.125Z", "vendors": [9, 11, 12, 6]}}, {"model": "orders.order", "pk": 47, "fields": {"user": 30, "payment": 12, "order_number": "2023052913272647", "first_name": "Test2", "last_name": "Vendor 2", "phone": "", "email": "shved.dev15@gmail.com", "address": "Super Rssia, Via Roma, , ", "country": "", "state": "Tarragona", "city": "Salou", "pin_code": "43840", "total": 59.35, "tax_data": "{\"VAT\": {\"10.00\": 5.40}}", "total_data": "{\"9\": {\"15.65\": \"{'VAT': {'10.00': '1.56'}}\"}, \"11\": {\"8.90\": \"{'VAT': {'10.00': '0.89'}}\"}, \"12\": {\"22.10\": \"{'VAT': {'10.00': '2.21'}}\"}, \"6\": {\"7.30\": \"{'VAT': {'10.00': '0.73'}}\"}}", "total_tax": 5.4, "payment_method": "PayPal", "status": "New", "is_ordered": true, "created_at": "2023-05-29T13:27:26.340Z", "updated_at": "2023-05-29T13:27:35.810Z", "vendors": [9, 11, 12, 6]}}, {"model": "orders.orderedproduct", "pk": 48, "fields": {"order": 46, "payment": 11, "user": 30, "product_item": 53, "quantity": 2, "price": 3.5, "amount": 7.0, "created_at": "2023-05-29T13:25:10.129Z", "updated_at": "2023-05-29T13:25:10.129Z"}}, {"model": "orders.orderedproduct", "pk": 49, "fields": {"order": 46, "payment": 11, "user": 30, "product_item": 52, "quantity": 1, "price": 3.85, "amount": 3.85, "created_at": "2023-05-29T13:25:10.134Z", "updated_at": "2023-05-29T13:25:10.134Z"}}, {"model": "orders.orderedproduct", "pk": 50, "fields": {"order": 46, "payment": 11, "user": 30, "product_item": 46, "quantity": 1, "price": 4.8, "amount": 4.8, "created_at": "2023-05-29T13:25:10.136Z", "updated_at": "2023-05-29T13:25:10.136Z"}}, {"model": "orders.orderedproduct", "pk": 51, "fields": {"order": 46, "payment": 11, "user": 30, "product_item": 61, "quantity": 1, "price": 8.9, "amount": 8.9, "created_at": "2023-05-29T13:25:10.137Z", "updated_at": "2023-05-29T13:25:10.137Z"}}, {"model": "orders.orderedproduct", "pk": 52, "fields": {"order": 46, "payment": 11, "user": 30, "product_item": 68, "quantity": 2, "price": 1.2, "amount": 2.4, "created_at": "2023-05-29T13:25:10.139Z", "updated_at": "2023-05-29T13:25:10.139Z"}}, {"model": "orders.orderedproduct", "pk": 53, "fields": {"order": 46, "payment": 11, "user": 30, "product_item": 67, "quantity": 1, "price": 19.7, "amount": 19.7, "created_at": "2023-05-29T13:25:10.140Z", "updated_at": "2023-05-29T13:25:10.140Z"}}, {"model": "orders.orderedproduct", "pk": 54, "fields": {"order": 46, "payment": 11, "user": 30, "product_item": 58, "quantity": 2, "price": 3.65, "amount": 7.3, "created_at": "2023-05-29T13:25:10.142Z", "updated_at": "2023-05-29T13:25:10.142Z"}}, {"model": "orders.orderedproduct", "pk": 55, "fields": {"order": 47, "payment": 12, "user": 30, "product_item": 53, "quantity": 2, "price": 3.5, "amount": 7.0, "created_at": "2023-05-29T13:27:35.818Z", "updated_at": "2023-05-29T13:27:35.818Z"}}, {"model": "orders.orderedproduct", "pk": 56, "fields": {"order": 47, "payment": 12, "user": 30, "product_item": 52, "quantity": 1, "price": 3.85, "amount": 3.85, "created_at": "2023-05-29T13:27:35.823Z", "updated_at": "2023-05-29T13:27:35.823Z"}}, {"model": "orders.orderedproduct", "pk": 57, "fields": {"order": 47, "payment": 12, "user": 30, "product_item": 46, "quantity": 1, "price": 4.8, "amount": 4.8, "created_at": "2023-05-29T13:27:35.825Z", "updated_at": "2023-05-29T13:27:35.825Z"}}, {"model": "orders.orderedproduct", "pk": 58, "fields": {"order": 47, "payment": 12, "user": 30, "product_item": 61, "quantity": 1, "price": 8.9, "amount": 8.9, "created_at": "2023-05-29T13:27:35.828Z", "updated_at": "2023-05-29T13:27:35.828Z"}}, {"model": "orders.orderedproduct", "pk": 59, "fields": {"order": 47, "payment": 12, "user": 30, "product_item": 68, "quantity": 2, "price": 1.2, "amount": 2.4, "created_at": "2023-05-29T13:27:35.831Z", "updated_at": "2023-05-29T13:27:35.831Z"}}, {"model": "orders.orderedproduct", "pk": 60, "fields": {"order": 47, "payment": 12, "user": 30, "product_item": 67, "quantity": 1, "price": 19.7, "amount": 19.7, "created_at": "2023-05-29T13:27:35.833Z", "updated_at": "2023-05-29T13:27:35.833Z"}}, {"model": "orders.orderedproduct", "pk": 61, "fields": {"order": 47, "payment": 12, "user": 30, "product_item": 58, "quantity": 2, "price": 3.65, "amount": 7.3, "created_at": "2023-05-29T13:27:35.835Z", "updated_at": "2023-05-29T13:27:35.835Z"}}]